event_id,league,season,round,date,home,home_id,away,away_id,status,home_goals,away_goals
16363633,Premier League,2026/27,1,2026-08-21,Arsenal,42,Coventry City,11,finished,3.0,0.0
16363634,Premier League,2026/27,1,2026-08-22,Hull City,96,Manchester United,35,finished,2.0,0.0
16363635,Premier League,2026/27,1,2026-08-22,Everton,48,Crystal Palace,7,finished,2.0,0.0
16363636,Premier League,2026/27,1,2026-08-22,Ipswich Town,32,Sunderland,41,finished,2.0,1.0
16363238,Premier League,2026/27,1,2026-08-22,Nottingham Forest,14,Leeds United,34,finished,0.0,1.0
16363242,Premier League,2026/27,1,2026-08-22,Brentford,50,Tottenham Hotspur,33,finished,3.0,0.0
16363236,Premier League,2026/27,1,2026-08-23,Brighton & Hove Albion,30,Aston Villa,40,finished,4.0,0.0
16363243,Premier League,2026/27,1,2026-08-23,Manchester City,17,Bournemouth,60,finished,2.0,1.0
16363246,Premier League,2026/27,1,2026-08-23,Newcastle United,39,Liverpool FC,44,finished,2.0,2.0
16363244,Premier League,2026/27,1,2026-08-24,Fulham,43,Chelsea,38,finished,2.0,3.0
16363252,Premier League,2026/27,2,2026-08-28,Crystal Palace,7,Manchester City,17,finished,1.0,4.0
16363254,Premier League,2026/27,2,2026-08-29,Liverpool FC,44,Nottingham Forest,14,finished,2.0,2.0
16363247,Premier League,2026/27,2,2026-08-29,Bournemouth,60,Everton,48,finished,1.0,1.0
16363250,Premier League,2026/27,2,2026-08-29,Coventry City,11,Hull City,96,finished,0.0,1.0
16363256,Premier League,2026/27,2,2026-08-29,Tottenham Hotspur,33,Newcastle United,39,finished,0.0,2.0
16363249,Premier League,2026/27,2,2026-08-30,Chelsea,38,Brighton & Hove Albion,30,finished,4.0,3.0
16363266,Premier League,2026/27,2,2026-08-30,Leeds United,34,Brentford,50,finished,1.0,1.0
16363255,Premier League,2026/27,2,2026-08-30,Sunderland,41,Fulham,43,finished,1.0,0.0
16363253,Premier League,2026/27,2,2026-08-30,Manchester United,35,Ipswich Town,32,finished,5.0,2.0
16363245,Premier League,2026/27,2,2026-08-31,Aston Villa,40,Arsenal,42,finished,0.0,1.0
16363261,Premier League,2026/27,3,2026-09-04,Ipswich Town,32,Liverpool FC,44,finished,0.0,2.0
16363637,Premier League,2026/27,3,2026-09-05,Newcastle United,39,Bournemouth,60,finished,2.0,2.0
16363260,Premier League,2026/27,3,2026-09-05,Brentford,50,Sunderland,41,finished,1.0,1.0
16363258,Premier League,2026/27,3,2026-09-05,Brighton & Hove Albion,30,Leeds United,34,finished,1.0,1.0
16363269,Premier League,2026/27,3,2026-09-05,Fulham,43,Crystal Palace,7,finished,2.0,3.0
16363263,Premier League,2026/27,3,2026-09-05,Manchester City,17,Coventry City,11,finished,1.0,0.0
16363638,Premier League,2026/27,3,2026-09-05,Nottingham Forest,14,Tottenham Hotspur,33,finished,0.0,0.0
16363262,Premier League,2026/27,3,2026-09-05,Hull City,96,Aston Villa,40,finished,0.0,0.0
16363259,Premier League,2026/27,3,2026-09-06,Everton,48,Manchester United,35,finished,2.0,2.0
16363257,Premier League,2026/27,3,2026-09-06,Arsenal,42,Chelsea,38,finished,2.0,1.0
16363639,Premier League,2026/27,4,2026-09-12,Aston Villa,40,Nottingham Forest,14,finished,1.0,2.0
16363640,Premier League,2026/27,4,2026-09-12,Bournemouth,60,Brentford,50,finished,2.0,2.0
16363641,Premier League,2026/27,4,2026-09-12,Chelsea,38,Hull City,96,finished,2.0,2.0
16363643,Premier League,2026/27,4,2026-09-12,Crystal Palace,7,Ipswich Town,32,finished,2.0,3.0
16363264,Premier League,2026/27,4,2026-09-12,Liverpool FC,44,Fulham,43,finished,0.0,0.0
16363647,Premier League,2026/27,4,2026-09-12,Tottenham Hotspur,33,Everton,48,finished,0.0,0.0
16363646,Premier League,2026/27,4,2026-09-12,Sunderland,41,Arsenal,42,finished,0.0,2.0
16363642,Premier League,2026/27,4,2026-09-13,Coventry City,11,Brighton & Hove Albion,30,finished,0.0,5.0
16363645,Premier League,2026/27,4,2026-09-13,Manchester United,35,Manchester City,17,finished,0.0,1.0
16363644,Premier League,2026/27,4,2026-09-14,Leeds United,34,Newcastle United,39,finished,4.0,1.0
16363649,Premier League,2026/27,5,2026-09-18,Brentford,50,Chelsea,38,finished,3.0,0.0
16363870,Premier League,2026/27,5,2026-09-19,Tottenham Hotspur,33,Aston Villa,40,finished,2.0,3.0
16363650,Premier League,2026/27,5,2026-09-19,Brighton & Hove Albion,30,Arsenal,42,finished,3.0,0.0
16363651,Premier League,2026/27,5,2026-09-19,Everton,48,Ipswich Town,32,finished,1.0,0.0
16363868,Premier League,2026/27,5,2026-09-19,Newcastle United,39,Hull City,96,finished,2.0,1.0
16363869,Premier League,2026/27,5,2026-09-19,Nottingham Forest,14,Coventry City,11,finished,0.0,1.0
16363648,Premier League,2026/27,5,2026-09-20,Bournemouth,60,Liverpool FC,44,finished,0.0,1.0
16363866,Premier League,2026/27,5,2026-09-20,Leeds United,34,Crystal Palace,7,finished,0.0,0.0
16363867,Premier League,2026/27,5,2026-09-20,Manchester City,17,Sunderland,41,finished,5.0,3.0
16363652,Premier League,2026/27,5,2026-09-20,Fulham,43,Manchester United,35,finished,1.0,1.0
16363871,Premier League,2026/27,6,2026-10-10,Arsenal,42,Leeds United,34,upcoming,,
16363872,Premier League,2026/27,6,2026-10-10,Aston Villa,40,Brentford,50,upcoming,,
16363873,Premier League,2026/27,6,2026-10-10,Chelsea,38,Bournemouth,60,upcoming,,
16363877,Premier League,2026/27,6,2026-10-10,Ipswich Town,32,Fulham,43,upcoming,,
16363880,Premier League,2026/27,6,2026-10-10,Sunderland,41,Brighton & Hove Albion,30,upcoming,,
16363879,Premier League,2026/27,6,2026-10-10,Manchester United,35,Tottenham Hotspur,33,upcoming,,
16363875,Premier League,2026/27,6,2026-10-11,Crystal Palace,7,Nottingham Forest,14,upcoming,,
16363876,Premier League,2026/27,6,2026-10-11,Hull City,96,Everton,48,upcoming,,
16363878,Premier League,2026/27,6,2026-10-11,Liverpool FC,44,Manchester City,17,upcoming,,
16363874,Premier League,2026/27,6,2026-10-12,Coventry City,11,Newcastle United,39,upcoming,,
16363884,Premier League,2026/27,7,2026-10-17,Everton,48,Chelsea,38,upcoming,,
16363882,Premier League,2026/27,7,2026-10-17,Brentford,50,Liverpool FC,44,upcoming,,
16363885,Premier League,2026/27,7,2026-10-17,Fulham,43,Hull City,96,upcoming,,
16363887,Premier League,2026/27,7,2026-10-17,Manchester City,17,Ipswich Town,32,upcoming,,
16363888,Premier League,2026/27,7,2026-10-17,Newcastle United,39,Aston Villa,40,upcoming,,
16363881,Premier League,2026/27,7,2026-10-18,Bournemouth,60,Sunderland,41,upcoming,,
16363883,Premier League,2026/27,7,2026-10-18,Brighton & Hove Albion,30,Crystal Palace,7,upcoming,,
16363886,Premier League,2026/27,7,2026-10-18,Leeds United,34,Manchester United,35,upcoming,,
16363889,Premier League,2026/27,7,2026-10-18,Nottingham Forest,14,Arsenal,42,upcoming,,
16363890,Premier League,2026/27,7,2026-10-19,Tottenham Hotspur,33,Coventry City,11,upcoming,,
16363897,Premier League,2026/27,8,2026-10-23,Ipswich Town,32,Nottingham Forest,14,upcoming,,
16363892,Premier League,2026/27,8,2026-10-24,Aston Villa,40,Manchester City,17,upcoming,,
16363891,Premier League,2026/27,8,2026-10-24,Arsenal,42,Everton,48,upcoming,,
16363894,Premier League,2026/27,8,2026-10-24,Coventry City,11,Fulham,43,upcoming,,
16363893,Premier League,2026/27,8,2026-10-24,Chelsea,38,Tottenham Hotspur,33,upcoming,,
16363895,Premier League,2026/27,8,2026-10-25,Crystal Palace,7,Newcastle United,39,upcoming,,
16363896,Premier League,2026/27,8,2026-10-25,Hull City,96,Brentford,50,upcoming,,
16363898,Premier League,2026/27,8,2026-10-25,Liverpool FC,44,Brighton & Hove Albion,30,upcoming,,
16363899,Premier League,2026/27,8,2026-10-25,Manchester United,35,Bournemouth,60,upcoming,,
16363900,Premier League,2026/27,8,2026-10-25,Sunderland,41,Leeds United,34,upcoming,,
16363904,Premier League,2026/27,9,2026-10-31,Chelsea,38,Manchester United,35,upcoming,,
16363902,Premier League,2026/27,9,2026-10-31,Bournemouth,60,Leeds United,34,upcoming,,
16363903,Premier League,2026/27,9,2026-10-31,Brentford,50,Nottingham Forest,14,upcoming,,
16363905,Premier League,2026/27,9,2026-10-31,Coventry City,11,Sunderland,41,upcoming,,
16363906,Premier League,2026/27,9,2026-10-31,Hull City,96,Ipswich Town,32,upcoming,,
16363908,Premier League,2026/27,9,2026-10-31,Manchester City,17,Brighton & Hove Albion,30,upcoming,,
16363909,Premier League,2026/27,9,2026-10-31,Newcastle United,39,Everton,48,upcoming,,
16363910,Premier League,2026/27,9,2026-10-31,Tottenham Hotspur,33,Crystal Palace,7,upcoming,,
16363901,Premier League,2026/27,9,2026-10-31,Aston Villa,40,Fulham,43,upcoming,,
16363907,Premier League,2026/27,9,2026-11-01,Liverpool FC,44,Arsenal,42,upcoming,,
16363914,Premier League,2026/27,10,2026-11-06,Everton,48,Coventry City,11,upcoming,,
16363917,Premier League,2026/27,10,2026-11-07,Leeds United,34,Tottenham Hotspur,33,upcoming,,
16363911,Premier League,2026/27,10,2026-11-07,Arsenal,42,Hull City,96,upcoming,,
16363915,Premier League,2026/27,10,2026-11-07,Fulham,43,Newcastle United,39,upcoming,,
16363919,Premier League,2026/27,10,2026-11-07,Nottingham Forest,14,Manchester City,17,upcoming,,
16363912,Premier League,2026/27,10,2026-11-08,Brighton & Hove Albion,30,Brentford,50,upcoming,,
16363913,Premier League,2026/27,10,2026-11-08,Crystal Palace,7,Liverpool FC,44,upcoming,,
16363916,Premier League,2026/27,10,2026-11-08,Ipswich Town,32,Bournemouth,60,upcoming,,
16363920,Premier League,2026/27,10,2026-11-08,Sunderland,41,Chelsea,38,upcoming,,
16363918,Premier League,2026/27,10,2026-11-08,Manchester United,35,Aston Villa,40,upcoming,,
16363661,Premier League,2026/27,11,2026-11-21,Manchester City,17,Fulham,43,upcoming,,
16363654,Premier League,2026/27,11,2026-11-21,Aston Villa,40,Sunderland,41,upcoming,,
16363655,Premier League,2026/27,11,2026-11-21,Bournemouth,60,Nottingham Forest,14,upcoming,,
16363656,Premier League,2026/27,11,2026-11-21,Brentford,50,Everton,48,upcoming,,
16363657,Premier League,2026/27,11,2026-11-21,Chelsea,38,Leeds United,34,upcoming,,
16363658,Premier League,2026/27,11,2026-11-21,Coventry City,11,Crystal Palace,7,upcoming,,
16363663,Premier League,2026/27,11,2026-11-21,Tottenham Hotspur,33,Ipswich Town,32,upcoming,,
16363662,Premier League,2026/27,11,2026-11-21,Newcastle United,39,Arsenal,42,upcoming,,
16363659,Premier League,2026/27,11,2026-11-22,Hull City,96,Brighton & Hove Albion,30,upcoming,,
16363660,Premier League,2026/27,11,2026-11-22,Liverpool FC,44,Manchester United,35,upcoming,,
16363673,Premier League,2026/27,12,2026-11-27,Nottingham Forest,14,Chelsea,38,upcoming,,
16363671,Premier League,2026/27,12,2026-11-28,Leeds United,34,Coventry City,11,upcoming,,
16363672,Premier League,2026/27,12,2026-11-28,Manchester United,35,Brentford,50,upcoming,,
16363670,Premier League,2026/27,12,2026-11-28,Ipswich Town,32,Aston Villa,40,upcoming,,
16363668,Premier League,2026/27,12,2026-11-29,Everton,48,Liverpool FC,44,upcoming,,
16363666,Premier League,2026/27,12,2026-11-29,Brighton & Hove Albion,30,Newcastle United,39,upcoming,,
16363667,Premier League,2026/27,12,2026-11-29,Crystal Palace,7,Hull City,96,upcoming,,
16363669,Premier League,2026/27,12,2026-11-29,Fulham,43,Bournemouth,60,upcoming,,
16363675,Premier League,2026/27,12,2026-11-29,Sunderland,41,Tottenham Hotspur,33,upcoming,,
16363664,Premier League,2026/27,12,2026-11-29,Arsenal,42,Manchester City,17,upcoming,,
16363676,Premier League,2026/27,13,2026-12-02,Aston Villa,40,Everton,48,upcoming,,
16363678,Premier League,2026/27,13,2026-12-02,Bournemouth,60,Brighton & Hove Albion,30,upcoming,,
16363679,Premier League,2026/27,13,2026-12-02,Brentford,50,Arsenal,42,upcoming,,
16363680,Premier League,2026/27,13,2026-12-02,Chelsea,38,Crystal Palace,7,upcoming,,
16363682,Premier League,2026/27,13,2026-12-02,Coventry City,11,Ipswich Town,32,upcoming,,
16363685,Premier League,2026/27,13,2026-12-02,Hull City,96,Nottingham Forest,14,upcoming,,
16363687,Premier League,2026/27,13,2026-12-02,Liverpool FC,44,Sunderland,41,upcoming,,
16363689,Premier League,2026/27,13,2026-12-02,Manchester City,17,Leeds United,34,upcoming,,
16363691,Premier League,2026/27,13,2026-12-02,Newcastle United,39,Manchester United,35,upcoming,,
16363693,Premier League,2026/27,13,2026-12-02,Tottenham Hotspur,33,Fulham,43,upcoming,,
16363695,Premier League,2026/27,14,2026-12-05,Aston Villa,40,Crystal Palace,7,upcoming,,
16363698,Premier League,2026/27,14,2026-12-05,Bournemouth,60,Hull City,96,upcoming,,
16363700,Premier League,2026/27,14,2026-12-05,Brentford,50,Manchester City,17,upcoming,,
16363701,Premier League,2026/27,14,2026-12-05,Chelsea,38,Liverpool FC,44,upcoming,,
16363702,Premier League,2026/27,14,2026-12-05,Everton,48,Fulham,43,upcoming,,
16363703,Premier League,2026/27,14,2026-12-05,Leeds United,34,Ipswich Town,32,upcoming,,
16363705,Premier League,2026/27,14,2026-12-05,Manchester United,35,Coventry City,11,upcoming,,
16363706,Premier League,2026/27,14,2026-12-05,Newcastle United,39,Sunderland,41,upcoming,,
16363707,Premier League,2026/27,14,2026-12-05,Nottingham Forest,14,Brighton & Hove Albion,30,upcoming,,
16363708,Premier League,2026/27,14,2026-12-05,Tottenham Hotspur,33,Arsenal,42,upcoming,,
16363709,Premier League,2026/27,15,2026-12-12,Arsenal,42,Bournemouth,60,upcoming,,
16363710,Premier League,2026/27,15,2026-12-12,Brighton & Hove Albion,30,Everton,48,upcoming,,
16363712,Premier League,2026/27,15,2026-12-12,Coventry City,11,Aston Villa,40,upcoming,,
16363713,Premier League,2026/27,15,2026-12-12,Crystal Palace,7,Manchester United,35,upcoming,,
16363714,Premier League,2026/27,15,2026-12-12,Fulham,43,Brentford,50,upcoming,,
16363715,Premier League,2026/27,15,2026-12-12,Hull City,96,Tottenham Hotspur,33,upcoming,,
16363716,Premier League,2026/27,15,2026-12-12,Ipswich Town,32,Newcastle United,39,upcoming,,
16363717,Premier League,2026/27,15,2026-12-12,Liverpool FC,44,Leeds United,34,upcoming,,
16363719,Premier League,2026/27,15,2026-12-12,Manchester City,17,Chelsea,38,upcoming,,
16363720,Premier League,2026/27,15,2026-12-12,Sunderland,41,Nottingham Forest,14,upcoming,,
16363721,Premier League,2026/27,16,2026-12-19,Arsenal,42,Manchester United,35,upcoming,,
16363722,Premier League,2026/27,16,2026-12-19,Bournemouth,60,Coventry City,11,upcoming,,
16363723,Premier League,2026/27,16,2026-12-19,Brentford,50,Newcastle United,39,upcoming,,
16363724,Premier League,2026/27,16,2026-12-19,Brighton & Hove Albion,30,Ipswich Town,32,upcoming,,
16363726,Premier League,2026/27,16,2026-12-19,Chelsea,38,Aston Villa,40,upcoming,,
16363727,Premier League,2026/27,16,2026-12-19,Leeds United,34,Fulham,43,upcoming,,
16363728,Premier League,2026/27,16,2026-12-19,Liverpool FC,44,Tottenham Hotspur,33,upcoming,,
16363729,Premier League,2026/27,16,2026-12-19,Manchester City,17,Hull City,96,upcoming,,
16363730,Premier League,2026/27,16,2026-12-19,Nottingham Forest,14,Everton,48,upcoming,,
16363731,Premier League,2026/27,16,2026-12-19,Sunderland,41,Crystal Palace,7,upcoming,,
16363733,Premier League,2026/27,17,2026-12-26,Aston Villa,40,Leeds United,34,upcoming,,
16363736,Premier League,2026/27,17,2026-12-26,Everton,48,Sunderland,41,upcoming,,
16363737,Premier League,2026/27,17,2026-12-26,Fulham,43,Brighton & Hove Albion,30,upcoming,,
16363740,Premier League,2026/27,17,2026-12-26,Ipswich Town,32,Brentford,50,upcoming,,
16363743,Premier League,2026/27,17,2026-12-26,Tottenham Hotspur,33,Bournemouth,60,upcoming,,
16363738,Premier League,2026/27,17,2026-12-26,Hull City,96,Liverpool FC,44,upcoming,,
16363742,Premier League,2026/27,17,2026-12-26,Newcastle United,39,Manchester City,17,upcoming,,
16363734,Premier League,2026/27,17,2026-12-27,Coventry City,11,Chelsea,38,upcoming,,
16363741,Premier League,2026/27,17,2026-12-27,Manchester United,35,Nottingham Forest,14,upcoming,,
16363735,Premier League,2026/27,17,2026-12-27,Crystal Palace,7,Arsenal,42,upcoming,,
16363750,Premier League,2026/27,18,2026-12-29,Hull City,96,Leeds United,34,upcoming,,
16363755,Premier League,2026/27,18,2026-12-29,Tottenham Hotspur,33,Brighton & Hove Albion,30,upcoming,,
16363748,Premier League,2026/27,18,2026-12-29,Everton,48,Manchester City,17,upcoming,,
16363745,Premier League,2026/27,18,2026-12-30,Coventry City,11,Brentford,50,upcoming,,
16363747,Premier League,2026/27,18,2026-12-30,Crystal Palace,7,Bournemouth,60,upcoming,,
16363749,Premier League,2026/27,18,2026-12-30,Fulham,43,Arsenal,42,upcoming,,
16363753,Premier League,2026/27,18,2026-12-30,Manchester United,35,Sunderland,41,upcoming,,
16363754,Premier League,2026/27,18,2026-12-30,Newcastle United,39,Nottingham Forest,14,upcoming,,
16363744,Premier League,2026/27,18,2026-12-30,Aston Villa,40,Liverpool FC,44,upcoming,,
16363752,Premier League,2026/27,18,2026-12-30,Ipswich Town,32,Chelsea,38,upcoming,,
16363763,Premier League,2026/27,19,2027-01-01,Leeds United,34,Everton,48,upcoming,,
16363760,Premier League,2026/27,19,2027-01-02,Brighton & Hove Albion,30,Manchester United,35,upcoming,,
16363756,Premier League,2026/27,19,2027-01-02,Arsenal,42,Ipswich Town,32,upcoming,,
16363759,Premier League,2026/27,19,2027-01-02,Brentford,50,Crystal Palace,7,upcoming,,
16363764,Premier League,2026/27,19,2027-01-02,Liverpool FC,44,Coventry City,11,upcoming,,
16363766,Premier League,2026/27,19,2027-01-02,Nottingham Forest,14,Fulham,43,upcoming,,
16363768,Premier League,2026/27,19,2027-01-02,Sunderland,41,Hull City,96,upcoming,,
16363758,Premier League,2026/27,19,2027-01-02,Bournemouth,60,Aston Villa,40,upcoming,,
16363761,Premier League,2026/27,19,2027-01-03,Chelsea,38,Newcastle United,39,upcoming,,
16363765,Premier League,2026/27,19,2027-01-03,Manchester City,17,Tottenham Hotspur,33,upcoming,,
16363769,Premier League,2026/27,20,2027-01-05,Arsenal,42,Brentford,50,upcoming,,
16363770,Premier League,2026/27,20,2027-01-05,Brighton & Hove Albion,30,Bournemouth,60,upcoming,,
16363772,Premier League,2026/27,20,2027-01-05,Everton,48,Aston Villa,40,upcoming,,
16363778,Premier League,2026/27,20,2027-01-05,Nottingham Forest,14,Hull City,96,upcoming,,
16363780,Premier League,2026/27,20,2027-01-05,Sunderland,41,Liverpool FC,44,upcoming,,
16363771,Premier League,2026/27,20,2027-01-06,Crystal Palace,7,Chelsea,38,upcoming,,
16363774,Premier League,2026/27,20,2027-01-06,Fulham,43,Tottenham Hotspur,33,upcoming,,
16363775,Premier League,2026/27,20,2027-01-06,Ipswich Town,32,Coventry City,11,upcoming,,
16363776,Premier League,2026/27,20,2027-01-06,Leeds United,34,Manchester City,17,upcoming,,
16363777,Premier League,2026/27,20,2027-01-07,Manchester United,35,Newcastle United,39,upcoming,,
16363665,Premier League,2026/27,21,2027-01-16,Aston Villa,40,Manchester United,35,upcoming,,
16363674,Premier League,2026/27,21,2027-01-16,Bournemouth,60,Ipswich Town,32,upcoming,,
16363684,Premier League,2026/27,21,2027-01-16,Brentford,50,Brighton & Hove Albion,30,upcoming,,
16363697,Premier League,2026/27,21,2027-01-16,Chelsea,38,Sunderland,41,upcoming,,
16363704,Premier League,2026/27,21,2027-01-16,Coventry City,11,Everton,48,upcoming,,
16363711,Premier League,2026/27,21,2027-01-16,Hull City,96,Arsenal,42,upcoming,,
16363718,Premier League,2026/27,21,2027-01-16,Liverpool FC,44,Crystal Palace,7,upcoming,,
16363725,Premier League,2026/27,21,2027-01-16,Manchester City,17,Nottingham Forest,14,upcoming,,
16363732,Premier League,2026/27,21,2027-01-16,Newcastle United,39,Fulham,43,upcoming,,
16363739,Premier League,2026/27,21,2027-01-16,Tottenham Hotspur,33,Leeds United,34,upcoming,,
16363746,Premier League,2026/27,22,2027-01-23,Arsenal,42,Newcastle United,39,upcoming,,
16363751,Premier League,2026/27,22,2027-01-23,Brighton & Hove Albion,30,Manchester City,17,upcoming,,
16363757,Premier League,2026/27,22,2027-01-23,Crystal Palace,7,Tottenham Hotspur,33,upcoming,,
16363762,Premier League,2026/27,22,2027-01-23,Everton,48,Brentford,50,upcoming,,
16363767,Premier League,2026/27,22,2027-01-23,Fulham,43,Aston Villa,40,upcoming,,
16363773,Premier League,2026/27,22,2027-01-23,Ipswich Town,32,Hull City,96,upcoming,,
16363779,Premier League,2026/27,22,2027-01-23,Leeds United,34,Chelsea,38,upcoming,,
16363781,Premier League,2026/27,22,2027-01-23,Manchester United,35,Liverpool FC,44,upcoming,,
16363782,Premier League,2026/27,22,2027-01-23,Nottingham Forest,14,Bournemouth,60,upcoming,,
16363783,Premier League,2026/27,22,2027-01-23,Sunderland,41,Coventry City,11,upcoming,,
16363784,Premier League,2026/27,23,2027-01-30,Aston Villa,40,Ipswich Town,32,upcoming,,
16363785,Premier League,2026/27,23,2027-01-30,Bournemouth,60,Fulham,43,upcoming,,
16363786,Premier League,2026/27,23,2027-01-30,Brentford,50,Manchester United,35,upcoming,,
16363787,Premier League,2026/27,23,2027-01-30,Chelsea,38,Nottingham Forest,14,upcoming,,
16363788,Premier League,2026/27,23,2027-01-30,Coventry City,11,Leeds United,34,upcoming,,
16363789,Premier League,2026/27,23,2027-01-30,Hull City,96,Crystal Palace,7,upcoming,,
16363790,Premier League,2026/27,23,2027-01-30,Liverpool FC,44,Everton,48,upcoming,,
16363791,Premier League,2026/27,23,2027-01-30,Manchester City,17,Arsenal,42,upcoming,,
16363792,Premier League,2026/27,23,2027-01-30,Newcastle United,39,Brighton & Hove Albion,30,upcoming,,
16363793,Premier League,2026/27,23,2027-01-30,Tottenham Hotspur,33,Sunderland,41,upcoming,,
16363794,Premier League,2026/27,24,2027-02-06,Arsenal,42,Liverpool FC,44,upcoming,,
16363795,Premier League,2026/27,24,2027-02-06,Brighton & Hove Albion,30,Hull City,96,upcoming,,
16363796,Premier League,2026/27,24,2027-02-06,Crystal Palace,7,Coventry City,11,upcoming,,
16363797,Premier League,2026/27,24,2027-02-06,Everton,48,Newcastle United,39,upcoming,,
16363798,Premier League,2026/27,24,2027-02-06,Fulham,43,Manchester City,17,upcoming,,
16363799,Premier League,2026/27,24,2027-02-06,Ipswich Town,32,Tottenham Hotspur,33,upcoming,,
16363800,Premier League,2026/27,24,2027-02-06,Leeds United,34,Bournemouth,60,upcoming,,
16363801,Premier League,2026/27,24,2027-02-06,Manchester United,35,Chelsea,38,upcoming,,
16363802,Premier League,2026/27,24,2027-02-06,Nottingham Forest,14,Brentford,50,upcoming,,
16363803,Premier League,2026/27,24,2027-02-06,Sunderland,41,Aston Villa,40,upcoming,,
16363804,Premier League,2026/27,25,2027-02-10,Aston Villa,40,Bournemouth,60,upcoming,,
16363805,Premier League,2026/27,25,2027-02-10,Coventry City,11,Liverpool FC,44,upcoming,,
16363806,Premier League,2026/27,25,2027-02-10,Crystal Palace,7,Brentford,50,upcoming,,
16363807,Premier League,2026/27,25,2027-02-10,Everton,48,Leeds United,34,upcoming,,
16363808,Premier League,2026/27,25,2027-02-10,Fulham,43,Nottingham Forest,14,upcoming,,
16363809,Premier League,2026/27,25,2027-02-10,Hull City,96,Sunderland,41,upcoming,,
16363810,Premier League,2026/27,25,2027-02-10,Ipswich Town,32,Arsenal,42,upcoming,,
16363811,Premier League,2026/27,25,2027-02-10,Manchester United,35,Brighton & Hove Albion,30,upcoming,,
16363812,Premier League,2026/27,25,2027-02-10,Newcastle United,39,Chelsea,38,upcoming,,
16363813,Premier League,2026/27,25,2027-02-10,Tottenham Hotspur,33,Manchester City,17,upcoming,,
16363814,Premier League,2026/27,26,2027-02-20,Arsenal,42,Fulham,43,upcoming,,
16363815,Premier League,2026/27,26,2027-02-20,Bournemouth,60,Crystal Palace,7,upcoming,,
16363816,Premier League,2026/27,26,2027-02-20,Brentford,50,Coventry City,11,upcoming,,
16363817,Premier League,2026/27,26,2027-02-20,Brighton & Hove Albion,30,Tottenham Hotspur,33,upcoming,,
16363818,Premier League,2026/27,26,2027-02-20,Chelsea,38,Ipswich Town,32,upcoming,,
16363819,Premier League,2026/27,26,2027-02-20,Leeds United,34,Aston Villa,40,upcoming,,
16363820,Premier League,2026/27,26,2027-02-20,Liverpool FC,44,Hull City,96,upcoming,,
16363821,Premier League,2026/27,26,2027-02-20,Manchester City,17,Newcastle United,39,upcoming,,
16363822,Premier League,2026/27,26,2027-02-20,Nottingham Forest,14,Manchester United,35,upcoming,,
16363823,Premier League,2026/27,26,2027-02-20,Sunderland,41,Everton,48,upcoming,,
16363824,Premier League,2026/27,27,2027-02-27,Aston Villa,40,Chelsea,38,upcoming,,
16363825,Premier League,2026/27,27,2027-02-27,Coventry City,11,Bournemouth,60,upcoming,,
16363826,Premier League,2026/27,27,2027-02-27,Crystal Palace,7,Sunderland,41,upcoming,,
16363827,Premier League,2026/27,27,2027-02-27,Everton,48,Nottingham Forest,14,upcoming,,
16363828,Premier League,2026/27,27,2027-02-27,Fulham,43,Leeds United,34,upcoming,,
16363829,Premier League,2026/27,27,2027-02-27,Hull City,96,Manchester City,17,upcoming,,
16363830,Premier League,2026/27,27,2027-02-27,Ipswich Town,32,Brighton & Hove Albion,30,upcoming,,
16363831,Premier League,2026/27,27,2027-02-27,Manchester United,35,Arsenal,42,upcoming,,
16363832,Premier League,2026/27,27,2027-02-27,Newcastle United,39,Brentford,50,upcoming,,
16363833,Premier League,2026/27,27,2027-02-27,Tottenham Hotspur,33,Liverpool FC,44,upcoming,,
16363834,Premier League,2026/27,28,2027-03-03,Arsenal,42,Crystal Palace,7,upcoming,,
16363835,Premier League,2026/27,28,2027-03-03,Bournemouth,60,Tottenham Hotspur,33,upcoming,,
16363836,Premier League,2026/27,28,2027-03-03,Brentford,50,Ipswich Town,32,upcoming,,
16363837,Premier League,2026/27,28,2027-03-03,Brighton & Hove Albion,30,Fulham,43,upcoming,,
16363838,Premier League,2026/27,28,2027-03-03,Chelsea,38,Coventry City,11,upcoming,,
16363839,Premier League,2026/27,28,2027-03-03,Leeds United,34,Hull City,96,upcoming,,
16363840,Premier League,2026/27,28,2027-03-03,Liverpool FC,44,Aston Villa,40,upcoming,,
16363841,Premier League,2026/27,28,2027-03-03,Manchester City,17,Everton,48,upcoming,,
16363842,Premier League,2026/27,28,2027-03-03,Nottingham Forest,14,Newcastle United,39,upcoming,,
16363843,Premier League,2026/27,28,2027-03-03,Sunderland,41,Manchester United,35,upcoming,,
16363844,Premier League,2026/27,29,2027-03-13,Aston Villa,40,Hull City,96,upcoming,,
16363845,Premier League,2026/27,29,2027-03-13,Bournemouth,60,Newcastle United,39,upcoming,,
16363846,Premier League,2026/27,29,2027-03-13,Chelsea,38,Arsenal,42,upcoming,,
16363847,Premier League,2026/27,29,2027-03-13,Coventry City,11,Manchester City,17,upcoming,,
16363848,Premier League,2026/27,29,2027-03-13,Crystal Palace,7,Fulham,43,upcoming,,
16363849,Premier League,2026/27,29,2027-03-13,Leeds United,34,Brighton & Hove Albion,30,upcoming,,
16363850,Premier League,2026/27,29,2027-03-13,Liverpool FC,44,Ipswich Town,32,upcoming,,
16363851,Premier League,2026/27,29,2027-03-13,Manchester United,35,Everton,48,upcoming,,
16363852,Premier League,2026/27,29,2027-03-13,Sunderland,41,Brentford,50,upcoming,,
16363853,Premier League,2026/27,29,2027-03-13,Tottenham Hotspur,33,Nottingham Forest,14,upcoming,,
16363854,Premier League,2026/27,30,2027-03-20,Arsenal,42,Sunderland,41,upcoming,,
16363855,Premier League,2026/27,30,2027-03-20,Brentford,50,Bournemouth,60,upcoming,,
16363856,Premier League,2026/27,30,2027-03-20,Brighton & Hove Albion,30,Coventry City,11,upcoming,,
16363857,Premier League,2026/27,30,2027-03-20,Everton,48,Tottenham Hotspur,33,upcoming,,
16363858,Premier League,2026/27,30,2027-03-20,Fulham,43,Liverpool FC,44,upcoming,,
16363859,Premier League,2026/27,30,2027-03-20,Hull City,96,Chelsea,38,upcoming,,
16363860,Premier League,2026/27,30,2027-03-20,Ipswich Town,32,Crystal Palace,7,upcoming,,
16363861,Premier League,2026/27,30,2027-03-20,Manchester City,17,Manchester United,35,upcoming,,
16363862,Premier League,2026/27,30,2027-03-20,Newcastle United,39,Leeds United,34,upcoming,,
16363863,Premier League,2026/27,30,2027-03-20,Nottingham Forest,14,Aston Villa,40,upcoming,,
16363677,Premier League,2026/27,31,2027-04-10,Aston Villa,40,Brighton & Hove Albion,30,upcoming,,
16363681,Premier League,2026/27,31,2027-04-10,Bournemouth,60,Manchester City,17,upcoming,,
16363683,Premier League,2026/27,31,2027-04-10,Chelsea,38,Fulham,43,upcoming,,
16363686,Premier League,2026/27,31,2027-04-10,Coventry City,11,Arsenal,42,upcoming,,
16363688,Premier League,2026/27,31,2027-04-10,Crystal Palace,7,Everton,48,upcoming,,
16363690,Premier League,2026/27,31,2027-04-10,Leeds United,34,Nottingham Forest,14,upcoming,,
16363692,Premier League,2026/27,31,2027-04-10,Liverpool FC,44,Newcastle United,39,upcoming,,
16363694,Premier League,2026/27,31,2027-04-10,Manchester United,35,Hull City,96,upcoming,,
16363696,Premier League,2026/27,31,2027-04-10,Sunderland,41,Ipswich Town,32,upcoming,,
16363699,Premier League,2026/27,31,2027-04-10,Tottenham Hotspur,33,Brentford,50,upcoming,,
16363219,Premier League,2026/27,32,2027-04-17,Arsenal,42,Aston Villa,40,upcoming,,
16363270,Premier League,2026/27,32,2027-04-17,Brentford,50,Leeds United,34,upcoming,,
16363183,Premier League,2026/27,32,2027-04-17,Brighton & Hove Albion,30,Chelsea,38,upcoming,,
16363180,Premier League,2026/27,32,2027-04-17,Everton,48,Bournemouth,60,upcoming,,
16363182,Premier League,2026/27,32,2027-04-17,Fulham,43,Sunderland,41,upcoming,,
16363187,Premier League,2026/27,32,2027-04-17,Hull City,96,Coventry City,11,upcoming,,
16363185,Premier League,2026/27,32,2027-04-17,Ipswich Town,32,Manchester United,35,upcoming,,
16363271,Premier League,2026/27,32,2027-04-17,Manchester City,17,Crystal Palace,7,upcoming,,
16363177,Premier League,2026/27,32,2027-04-17,Newcastle United,39,Tottenham Hotspur,33,upcoming,,
16363192,Premier League,2026/27,32,2027-04-17,Nottingham Forest,14,Liverpool FC,44,upcoming,,
16363179,Premier League,2026/27,33,2027-04-24,Aston Villa,40,Coventry City,11,upcoming,,
16363181,Premier League,2026/27,33,2027-04-24,Bournemouth,60,Arsenal,42,upcoming,,
16363194,Premier League,2026/27,33,2027-04-24,Brentford,50,Fulham,43,upcoming,,
16363184,Premier League,2026/27,33,2027-04-24,Chelsea,38,Manchester City,17,upcoming,,
16363178,Premier League,2026/27,33,2027-04-24,Everton,48,Brighton & Hove Albion,30,upcoming,,
16363191,Premier League,2026/27,33,2027-04-24,Leeds United,34,Liverpool FC,44,upcoming,,
16363198,Premier League,2026/27,33,2027-04-24,Manchester United,35,Crystal Palace,7,upcoming,,
16363190,Premier League,2026/27,33,2027-04-24,Newcastle United,39,Ipswich Town,32,upcoming,,
16363186,Premier League,2026/27,33,2027-04-24,Nottingham Forest,14,Sunderland,41,upcoming,,
16363193,Premier League,2026/27,33,2027-04-24,Tottenham Hotspur,33,Hull City,96,upcoming,,
16363189,Premier League,2026/27,34,2027-05-01,Arsenal,42,Tottenham Hotspur,33,upcoming,,
16363200,Premier League,2026/27,34,2027-05-01,Brighton & Hove Albion,30,Nottingham Forest,14,upcoming,,
16363195,Premier League,2026/27,34,2027-05-01,Coventry City,11,Manchester United,35,upcoming,,
16363188,Premier League,2026/27,34,2027-05-01,Crystal Palace,7,Aston Villa,40,upcoming,,
16363197,Premier League,2026/27,34,2027-05-01,Fulham,43,Everton,48,upcoming,,
16363196,Premier League,2026/27,34,2027-05-01,Hull City,96,Bournemouth,60,upcoming,,
16363199,Premier League,2026/27,34,2027-05-01,Ipswich Town,32,Leeds United,34,upcoming,,
16363201,Premier League,2026/27,34,2027-05-01,Liverpool FC,44,Chelsea,38,upcoming,,
16363202,Premier League,2026/27,34,2027-05-01,Manchester City,17,Brentford,50,upcoming,,
16363204,Premier League,2026/27,34,2027-05-01,Sunderland,41,Newcastle United,39,upcoming,,
16363203,Premier League,2026/27,35,2027-05-08,Bournemouth,60,Manchester United,35,upcoming,,
16363205,Premier League,2026/27,35,2027-05-08,Brentford,50,Aston Villa,40,upcoming,,
16363206,Premier League,2026/27,35,2027-05-08,Brighton & Hove Albion,30,Sunderland,41,upcoming,,
16363208,Premier League,2026/27,35,2027-05-08,Everton,48,Hull City,96,upcoming,,
16363207,Premier League,2026/27,35,2027-05-08,Fulham,43,Ipswich Town,32,upcoming,,
16363209,Premier League,2026/27,35,2027-05-08,Leeds United,34,Arsenal,42,upcoming,,
16363211,Premier League,2026/27,35,2027-05-08,Manchester City,17,Liverpool FC,44,upcoming,,
16363210,Premier League,2026/27,35,2027-05-08,Newcastle United,39,Coventry City,11,upcoming,,
16363212,Premier League,2026/27,35,2027-05-08,Nottingham Forest,14,Crystal Palace,7,upcoming,,
16363214,Premier League,2026/27,35,2027-05-08,Tottenham Hotspur,33,Chelsea,38,upcoming,,
16363213,Premier League,2026/27,36,2027-05-15,Arsenal,42,Nottingham Forest,14,upcoming,,
16363218,Premier League,2026/27,36,2027-05-15,Aston Villa,40,Newcastle United,39,upcoming,,
16363215,Premier League,2026/27,36,2027-05-15,Chelsea,38,Everton,48,upcoming,,
16363216,Premier League,2026/27,36,2027-05-15,Coventry City,11,Tottenham Hotspur,33,upcoming,,
16363217,Premier League,2026/27,36,2027-05-15,Crystal Palace,7,Brighton & Hove Albion,30,upcoming,,
16363220,Premier League,2026/27,36,2027-05-15,Hull City,96,Fulham,43,upcoming,,
16363251,Premier League,2026/27,36,2027-05-15,Ipswich Town,32,Manchester City,17,upcoming,,
16363221,Premier League,2026/27,36,2027-05-15,Liverpool FC,44,Brentford,50,upcoming,,
16363248,Premier League,2026/27,36,2027-05-15,Manchester United,35,Leeds United,34,upcoming,,
16363223,Premier League,2026/27,36,2027-05-15,Sunderland,41,Bournemouth,60,upcoming,,
16363224,Premier League,2026/27,37,2027-05-23,Bournemouth,60,Chelsea,38,upcoming,,
16363222,Premier League,2026/27,37,2027-05-23,Brentford,50,Hull City,96,upcoming,,
16363227,Premier League,2026/27,37,2027-05-23,Brighton & Hove Albion,30,Liverpool FC,44,upcoming,,
16363225,Premier League,2026/27,37,2027-05-23,Everton,48,Arsenal,42,upcoming,,
16363226,Premier League,2026/27,37,2027-05-23,Fulham,43,Coventry City,11,upcoming,,
16363230,Premier League,2026/27,37,2027-05-23,Leeds United,34,Sunderland,41,upcoming,,
16363267,Premier League,2026/27,37,2027-05-23,Manchester City,17,Aston Villa,40,upcoming,,
16363231,Premier League,2026/27,37,2027-05-23,Newcastle United,39,Crystal Palace,7,upcoming,,
16363228,Premier League,2026/27,37,2027-05-23,Nottingham Forest,14,Ipswich Town,32,upcoming,,
16363229,Premier League,2026/27,37,2027-05-23,Tottenham Hotspur,33,Manchester United,35,upcoming,,
16363232,Premier League,2026/27,38,2027-05-30,Arsenal,42,Brighton & Hove Albion,30,upcoming,,
16363237,Premier League,2026/27,38,2027-05-30,Aston Villa,40,Tottenham Hotspur,33,upcoming,,
16363233,Premier League,2026/27,38,2027-05-30,Chelsea,38,Brentford,50,upcoming,,
16363265,Premier League,2026/27,38,2027-05-30,Coventry City,11,Nottingham Forest,14,upcoming,,
16363235,Premier League,2026/27,38,2027-05-30,Crystal Palace,7,Leeds United,34,upcoming,,
16363241,Premier League,2026/27,38,2027-05-30,Hull City,96,Newcastle United,39,upcoming,,
16363234,Premier League,2026/27,38,2027-05-30,Ipswich Town,32,Everton,48,upcoming,,
16363268,Premier League,2026/27,38,2027-05-30,Liverpool FC,44,Bournemouth,60,upcoming,,
16363239,Premier League,2026/27,38,2027-05-30,Manchester United,35,Fulham,43,upcoming,,
16363240,Premier League,2026/27,38,2027-05-30,Sunderland,41,Manchester City,17,upcoming,,
16421047,La Liga,2026/27,1,2026-08-15,Deportivo Alavés,2885,Getafe,2859,finished,3.0,0.0
16421052,La Liga,2026/27,1,2026-08-15,Sevilla,2833,Rayo Vallecano,2818,finished,2.0,1.0
16421061,La Liga,2026/27,1,2026-08-16,Real Racing Club,2835,Villarreal,2819,finished,2.0,2.0
16421053,La Liga,2026/27,1,2026-08-16,Espanyol,2814,Levante UD,2849,finished,3.0,0.0
16421050,La Liga,2026/27,1,2026-08-17,Deportivo de A Coruña,2832,Elche,2846,finished,1.0,1.0
16421055,La Liga,2026/27,1,2026-08-19,Atlético Madrid,2836,Málaga CF,2830,finished,2.0,0.0
16421049,La Liga,2026/27,1,2026-08-25,Valencia,2828,Real Betis,2816,finished,0.0,1.0
16421051,La Liga,2026/27,1,2026-08-26,Real Madrid,2829,Real Sociedad,2824,finished,4.0,1.0
16815992,La Liga,2026/27,1,2026-08-27,Celta Vigo,2821,Osasuna,2820,finished,1.0,2.0
16421059,La Liga,2026/27,1,2026-08-27,FC Barcelona,2817,Athletic Club,2825,finished,2.0,0.0
16416292,La Liga,2026/27,2,2026-08-20,Rayo Vallecano,2818,Deportivo Alavés,2885,finished,1.0,1.0
16416293,La Liga,2026/27,2,2026-08-21,Real Betis,2816,Real Sociedad,2824,finished,1.0,0.0
16416301,La Liga,2026/27,2,2026-08-22,Athletic Club,2825,Sevilla,2833,finished,1.0,3.0
16416298,La Liga,2026/27,2,2026-08-22,Valencia,2828,Celta Vigo,2821,finished,0.0,0.0
16416306,La Liga,2026/27,2,2026-08-22,Espanyol,2814,Real Madrid,2829,finished,1.0,2.0
16416302,La Liga,2026/27,2,2026-08-23,Atlético Madrid,2836,Villarreal,2819,finished,2.0,2.0
16416300,La Liga,2026/27,2,2026-08-23,Getafe,2859,Real Racing Club,2835,finished,1.0,0.0
16416311,La Liga,2026/27,2,2026-08-23,Elche,2846,FC Barcelona,2817,finished,0.0,5.0
16416296,La Liga,2026/27,2,2026-08-24,Osasuna,2820,Levante UD,2849,finished,0.0,0.0
16416307,La Liga,2026/27,2,2026-08-24,Málaga CF,2830,Deportivo de A Coruña,2832,finished,1.0,1.0
16416304,La Liga,2026/27,3,2026-08-28,Real Racing Club,2835,Elche,2846,finished,3.0,2.0
16416290,La Liga,2026/27,3,2026-08-28,Deportivo Alavés,2885,Villarreal,2819,finished,1.0,0.0
16416309,La Liga,2026/27,3,2026-08-29,Levante UD,2849,Real Betis,2816,finished,5.0,2.0
16416310,La Liga,2026/27,3,2026-08-29,Real Sociedad,2824,Espanyol,2814,finished,2.0,1.0
16416316,La Liga,2026/27,3,2026-08-29,Sevilla,2833,Atlético Madrid,2836,finished,1.0,3.0
16416312,La Liga,2026/27,3,2026-08-30,Real Madrid,2829,Málaga CF,2830,finished,4.0,0.0
16416291,La Liga,2026/27,3,2026-08-30,Deportivo de A Coruña,2832,Valencia,2828,finished,3.0,1.0
16416308,La Liga,2026/27,3,2026-08-30,Celta Vigo,2821,Athletic Club,2825,finished,0.0,2.0
16416314,La Liga,2026/27,3,2026-08-31,Osasuna,2820,Getafe,2859,finished,1.0,0.0
16416295,La Liga,2026/27,3,2026-08-31,FC Barcelona,2817,Rayo Vallecano,2818,finished,5.0,2.0
16416315,La Liga,2026/27,4,2026-09-04,Real Betis,2816,Real Madrid,2829,finished,1.0,0.0
16416317,La Liga,2026/27,4,2026-09-05,Athletic Club,2825,Atlético Madrid,2836,finished,3.0,0.0
16416321,La Liga,2026/27,4,2026-09-05,Rayo Vallecano,2818,Real Racing Club,2835,finished,3.0,2.0
16416324,La Liga,2026/27,4,2026-09-05,Villarreal,2819,Deportivo de A Coruña,2832,finished,2.0,3.0
16416325,La Liga,2026/27,4,2026-09-06,Valencia,2828,FC Barcelona,2817,finished,0.0,5.0
16416318,La Liga,2026/27,4,2026-09-06,Deportivo Alavés,2885,Osasuna,2820,finished,5.0,2.0
16416320,La Liga,2026/27,4,2026-09-06,Málaga CF,2830,Levante UD,2849,finished,0.0,0.0
16416323,La Liga,2026/27,4,2026-09-06,Espanyol,2814,Sevilla,2833,finished,1.0,1.0
16416348,La Liga,2026/27,4,2026-09-07,Getafe,2859,Celta Vigo,2821,finished,1.0,1.0
16416319,La Liga,2026/27,4,2026-09-07,Elche,2846,Real Sociedad,2824,finished,2.0,3.0
16416330,La Liga,2026/27,5,2026-09-11,Sevilla,2833,Valencia,2828,finished,1.0,0.0
16416328,La Liga,2026/27,5,2026-09-12,Real Racing Club,2835,Deportivo Alavés,2885,finished,2.0,1.0
16416327,La Liga,2026/27,5,2026-09-12,Osasuna,2820,Espanyol,2814,finished,0.0,2.0
16416322,La Liga,2026/27,5,2026-09-12,Athletic Club,2825,Elche,2846,finished,1.0,1.0
16416331,La Liga,2026/27,5,2026-09-12,Real Madrid,2829,Rayo Vallecano,2818,finished,4.0,1.0
16416347,La Liga,2026/27,5,2026-09-13,Celta Vigo,2821,Málaga CF,2830,finished,1.0,1.0
16416329,La Liga,2026/27,5,2026-09-13,Levante UD,2849,FC Barcelona,2817,finished,2.0,4.0
16416326,La Liga,2026/27,5,2026-09-13,Getafe,2859,Deportivo de A Coruña,2832,finished,1.0,1.0
16416332,La Liga,2026/27,5,2026-09-13,Real Sociedad,2824,Atlético Madrid,2836,finished,0.0,3.0
16416333,La Liga,2026/27,5,2026-09-14,Villarreal,2819,Real Betis,2816,finished,1.0,2.0
16416340,La Liga,2026/27,6,2026-09-03,Real Sociedad,2824,Celta Vigo,2821,finished,0.0,0.0
16416345,La Liga,2026/27,6,2026-09-15,Rayo Vallecano,2818,Espanyol,2814,finished,2.0,1.0
16416334,La Liga,2026/27,6,2026-09-15,Deportivo Alavés,2885,Valencia,2828,finished,0.0,1.0
16416342,La Liga,2026/27,6,2026-09-15,Elche,2846,Real Madrid,2829,finished,2.0,3.0
16416335,La Liga,2026/27,6,2026-09-16,Atlético Madrid,2836,Osasuna,2820,finished,4.0,0.0
16416343,La Liga,2026/27,6,2026-09-16,Deportivo de A Coruña,2832,Sevilla,2833,finished,0.0,1.0
16416346,La Liga,2026/27,6,2026-09-16,FC Barcelona,2817,Real Racing Club,2835,finished,7.0,2.0
16416341,La Liga,2026/27,6,2026-09-16,Levante UD,2849,Athletic Club,2825,upcoming,,
16416336,La Liga,2026/27,6,2026-09-17,Real Betis,2816,Getafe,2859,finished,1.0,0.0
16416338,La Liga,2026/27,6,2026-09-17,Málaga CF,2830,Villarreal,2819,finished,1.0,3.0
17122851,La Liga,2026/27,6,2026-10-21,Levante UD,2849,Athletic Club,2825,upcoming,,
16416299,La Liga,2026/27,7,2026-09-18,Espanyol,2814,Elche,2846,finished,1.0,3.0
16416305,La Liga,2026/27,7,2026-09-19,Osasuna,2820,Rayo Vallecano,2818,finished,1.0,1.0
16416337,La Liga,2026/27,7,2026-09-19,Athletic Club,2825,Deportivo Alavés,2885,finished,0.0,0.0
16416344,La Liga,2026/27,7,2026-09-19,Celta Vigo,2821,Real Racing Club,2835,finished,5.0,0.0
16416349,La Liga,2026/27,7,2026-09-19,Sevilla,2833,FC Barcelona,2817,finished,1.0,3.0
16416303,La Liga,2026/27,7,2026-09-20,Getafe,2859,Málaga CF,2830,finished,1.0,0.0
16416339,La Liga,2026/27,7,2026-09-20,Atlético Madrid,2836,Real Madrid,2829,finished,2.0,1.0
16416313,La Liga,2026/27,7,2026-09-20,Deportivo de A Coruña,2832,Real Betis,2816,finished,1.0,1.0
16416294,La Liga,2026/27,7,2026-09-20,Villarreal,2819,Levante UD,2849,finished,3.0,1.0
16416297,La Liga,2026/27,7,2026-09-20,Valencia,2828,Real Sociedad,2824,finished,2.0,3.0
16421062,La Liga,2026/27,8,2026-10-09,Málaga CF,2830,Espanyol,2814,finished,1.0,1.0
16421065,La Liga,2026/27,8,2026-10-10,Rayo Vallecano,2818,Athletic Club,2825,upcoming,,
16421056,La Liga,2026/27,8,2026-10-10,Deportivo Alavés,2885,Atlético Madrid,2836,upcoming,,
16421060,La Liga,2026/27,8,2026-10-10,FC Barcelona,2817,Getafe,2859,upcoming,,
16421066,La Liga,2026/27,8,2026-10-10,Real Madrid,2829,Villarreal,2819,upcoming,,
16421058,La Liga,2026/27,8,2026-10-11,Elche,2846,Celta Vigo,2821,upcoming,,
16421067,La Liga,2026/27,8,2026-10-11,Real Sociedad,2824,Deportivo de A Coruña,2832,upcoming,,
16421054,La Liga,2026/27,8,2026-10-11,Real Betis,2816,Osasuna,2820,upcoming,,
16421064,La Liga,2026/27,8,2026-10-11,Real Racing Club,2835,Valencia,2828,upcoming,,
16421063,La Liga,2026/27,8,2026-10-12,Levante UD,2849,Sevilla,2833,upcoming,,
16421070,La Liga,2026/27,9,2026-10-16,Deportivo de A Coruña,2832,Levante UD,2849,upcoming,,
16421071,La Liga,2026/27,9,2026-10-17,Espanyol,2814,Atlético Madrid,2836,upcoming,,
16421076,La Liga,2026/27,9,2026-10-17,Villarreal,2819,Elche,2846,upcoming,,
16421068,La Liga,2026/27,9,2026-10-17,Real Betis,2816,FC Barcelona,2817,upcoming,,
16421074,La Liga,2026/27,9,2026-10-17,Valencia,2828,Athletic Club,2825,upcoming,,
16421078,La Liga,2026/27,9,2026-10-18,Osasuna,2820,Real Racing Club,2835,upcoming,,
16421069,La Liga,2026/27,9,2026-10-18,Celta Vigo,2821,Deportivo Alavés,2885,upcoming,,
16421073,La Liga,2026/27,9,2026-10-18,Málaga CF,2830,Real Sociedad,2824,upcoming,,
16421075,La Liga,2026/27,9,2026-10-18,Real Madrid,2829,Sevilla,2833,upcoming,,
16421072,La Liga,2026/27,9,2026-10-19,Getafe,2859,Rayo Vallecano,2818,upcoming,,
16421077,La Liga,2026/27,10,2026-10-23,Deportivo Alavés,2885,Málaga CF,2830,upcoming,,
16421084,La Liga,2026/27,10,2026-10-24,Rayo Vallecano,2818,Elche,2846,upcoming,,
16421083,La Liga,2026/27,10,2026-10-24,Real Racing Club,2835,Espanyol,2814,upcoming,,
16421089,La Liga,2026/27,10,2026-10-24,Valencia,2828,Villarreal,2819,upcoming,,
16421082,La Liga,2026/27,10,2026-10-24,Atlético Madrid,2836,Deportivo de A Coruña,2832,upcoming,,
16421081,La Liga,2026/27,10,2026-10-25,Athletic Club,2825,Getafe,2859,upcoming,,
16421079,La Liga,2026/27,10,2026-10-25,Celta Vigo,2821,Real Betis,2816,upcoming,,
16421086,La Liga,2026/27,10,2026-10-25,Real Sociedad,2824,Levante UD,2849,upcoming,,
16421080,La Liga,2026/27,10,2026-10-25,FC Barcelona,2817,Real Madrid,2829,upcoming,,
16421085,La Liga,2026/27,10,2026-10-26,Sevilla,2833,Osasuna,2820,upcoming,,
16421096,La Liga,2026/27,11,2026-10-31,Levante UD,2849,Atlético Madrid,2836,upcoming,,
16421100,La Liga,2026/27,11,2026-10-31,Rayo Vallecano,2818,Celta Vigo,2821,upcoming,,
16421087,La Liga,2026/27,11,2026-10-31,Real Betis,2816,Málaga CF,2830,upcoming,,
16421091,La Liga,2026/27,11,2026-10-31,FC Barcelona,2817,Deportivo Alavés,2885,upcoming,,
16421093,La Liga,2026/27,11,2026-11-01,Getafe,2859,Sevilla,2833,upcoming,,
16421098,La Liga,2026/27,11,2026-11-01,Real Racing Club,2835,Real Madrid,2829,upcoming,,
16421092,La Liga,2026/27,11,2026-11-01,Elche,2846,Valencia,2828,upcoming,,
16421099,La Liga,2026/27,11,2026-11-01,Villarreal,2819,Espanyol,2814,upcoming,,
16421088,La Liga,2026/27,11,2026-11-01,Athletic Club,2825,Real Sociedad,2824,upcoming,,
16421095,La Liga,2026/27,11,2026-11-02,Deportivo de A Coruña,2832,Osasuna,2820,upcoming,,
16421101,La Liga,2026/27,12,2026-11-08,Atlético Madrid,2836,FC Barcelona,2817,upcoming,,
16421104,La Liga,2026/27,12,2026-11-08,Celta Vigo,2821,Levante UD,2849,upcoming,,
16421102,La Liga,2026/27,12,2026-11-08,Elche,2846,Real Betis,2816,upcoming,,
16421108,La Liga,2026/27,12,2026-11-08,Espanyol,2814,Deportivo de A Coruña,2832,upcoming,,
16421103,La Liga,2026/27,12,2026-11-08,Málaga CF,2830,Real Racing Club,2835,upcoming,,
16421106,La Liga,2026/27,12,2026-11-08,Osasuna,2820,Athletic Club,2825,upcoming,,
16421107,La Liga,2026/27,12,2026-11-08,Real Sociedad,2824,Rayo Vallecano,2818,upcoming,,
16421109,La Liga,2026/27,12,2026-11-08,Sevilla,2833,Deportivo Alavés,2885,upcoming,,
16421105,La Liga,2026/27,12,2026-11-08,Valencia,2828,Real Madrid,2829,upcoming,,
16421110,La Liga,2026/27,12,2026-11-08,Villarreal,2819,Getafe,2859,upcoming,,
16421112,La Liga,2026/27,13,2026-11-22,Athletic Club,2825,Espanyol,2814,upcoming,,
16421111,La Liga,2026/27,13,2026-11-22,Deportivo Alavés,2885,Deportivo de A Coruña,2832,upcoming,,
16421113,La Liga,2026/27,13,2026-11-22,FC Barcelona,2817,Villarreal,2819,upcoming,,
16421115,La Liga,2026/27,13,2026-11-22,Getafe,2859,Atlético Madrid,2836,upcoming,,
16421118,La Liga,2026/27,13,2026-11-22,Levante UD,2849,Elche,2846,upcoming,,
16421117,La Liga,2026/27,13,2026-11-22,Osasuna,2820,Málaga CF,2830,upcoming,,
16421119,La Liga,2026/27,13,2026-11-22,Rayo Vallecano,2818,Valencia,2828,upcoming,,
16421116,La Liga,2026/27,13,2026-11-22,Real Madrid,2829,Celta Vigo,2821,upcoming,,
16421114,La Liga,2026/27,13,2026-11-22,Real Racing Club,2835,Real Sociedad,2824,upcoming,,
16421125,La Liga,2026/27,13,2026-11-22,Sevilla,2833,Real Betis,2816,upcoming,,
16421121,La Liga,2026/27,14,2026-11-29,Celta Vigo,2821,Villarreal,2819,upcoming,,
16421123,La Liga,2026/27,14,2026-11-29,Deportivo de A Coruña,2832,FC Barcelona,2817,upcoming,,
16421126,La Liga,2026/27,14,2026-11-29,Elche,2846,Atlético Madrid,2836,upcoming,,
16421122,La Liga,2026/27,14,2026-11-29,Espanyol,2814,Getafe,2859,upcoming,,
16421127,La Liga,2026/27,14,2026-11-29,Levante UD,2849,Real Racing Club,2835,upcoming,,
16421128,La Liga,2026/27,14,2026-11-29,Málaga CF,2830,Athletic Club,2825,upcoming,,
16421120,La Liga,2026/27,14,2026-11-29,Real Betis,2816,Rayo Vallecano,2818,upcoming,,
16421129,La Liga,2026/27,14,2026-11-29,Real Madrid,2829,Deportivo Alavés,2885,upcoming,,
16462479,La Liga,2026/27,14,2026-11-29,Real Sociedad,2824,Sevilla,2833,upcoming,,
16462482,La Liga,2026/27,14,2026-11-29,Valencia,2828,Osasuna,2820,upcoming,,
16462488,La Liga,2026/27,15,2026-12-06,Athletic Club,2825,Real Madrid,2829,upcoming,,
16462491,La Liga,2026/27,15,2026-12-06,Atlético Madrid,2836,Real Betis,2816,upcoming,,
16462485,La Liga,2026/27,15,2026-12-06,Deportivo Alavés,2885,Espanyol,2814,upcoming,,
16462494,La Liga,2026/27,15,2026-12-06,FC Barcelona,2817,Celta Vigo,2821,upcoming,,
16462498,La Liga,2026/27,15,2026-12-06,Getafe,2859,Valencia,2828,upcoming,,
16462501,La Liga,2026/27,15,2026-12-06,Osasuna,2820,Elche,2846,upcoming,,
16462508,La Liga,2026/27,15,2026-12-06,Rayo Vallecano,2818,Levante UD,2849,upcoming,,
16462504,La Liga,2026/27,15,2026-12-06,Real Racing Club,2835,Deportivo de A Coruña,2832,upcoming,,
16462511,La Liga,2026/27,15,2026-12-06,Sevilla,2833,Málaga CF,2830,upcoming,,
16462514,La Liga,2026/27,15,2026-12-06,Villarreal,2819,Real Sociedad,2824,upcoming,,
16462517,La Liga,2026/27,16,2026-12-13,Atlético Madrid,2836,Valencia,2828,upcoming,,
16462523,La Liga,2026/27,16,2026-12-13,Deportivo de A Coruña,2832,Athletic Club,2825,upcoming,,
16462526,La Liga,2026/27,16,2026-12-13,Elche,2846,Sevilla,2833,upcoming,,
16462529,La Liga,2026/27,16,2026-12-13,Espanyol,2814,Celta Vigo,2821,upcoming,,
16462532,La Liga,2026/27,16,2026-12-13,Levante UD,2849,Deportivo Alavés,2885,upcoming,,
16462535,La Liga,2026/27,16,2026-12-13,Málaga CF,2830,FC Barcelona,2817,upcoming,,
16462520,La Liga,2026/27,16,2026-12-13,Real Betis,2816,Real Racing Club,2835,upcoming,,
16462538,La Liga,2026/27,16,2026-12-13,Real Madrid,2829,Osasuna,2820,upcoming,,
16462541,La Liga,2026/27,16,2026-12-13,Real Sociedad,2824,Getafe,2859,upcoming,,
16462544,La Liga,2026/27,16,2026-12-13,Villarreal,2819,Rayo Vallecano,2818,upcoming,,
16462550,La Liga,2026/27,17,2026-12-20,Athletic Club,2825,Real Betis,2816,upcoming,,
16462553,La Liga,2026/27,17,2026-12-20,Celta Vigo,2821,Atlético Madrid,2836,upcoming,,
16462547,La Liga,2026/27,17,2026-12-20,Deportivo Alavés,2885,Elche,2846,upcoming,,
16462556,La Liga,2026/27,17,2026-12-20,Deportivo de A Coruña,2832,Real Madrid,2829,upcoming,,
16462559,La Liga,2026/27,17,2026-12-20,FC Barcelona,2817,Real Sociedad,2824,upcoming,,
16462562,La Liga,2026/27,17,2026-12-20,Getafe,2859,Levante UD,2849,upcoming,,
16462565,La Liga,2026/27,17,2026-12-20,Osasuna,2820,Villarreal,2819,upcoming,,
16462568,La Liga,2026/27,17,2026-12-20,Rayo Vallecano,2818,Málaga CF,2830,upcoming,,
16462570,La Liga,2026/27,17,2026-12-20,Sevilla,2833,Real Racing Club,2835,upcoming,,
16462573,La Liga,2026/27,17,2026-12-20,Valencia,2828,Espanyol,2814,upcoming,,
16462579,La Liga,2026/27,18,2027-01-03,Celta Vigo,2821,Deportivo de A Coruña,2832,upcoming,,
16462582,La Liga,2026/27,18,2027-01-03,Espanyol,2814,FC Barcelona,2817,upcoming,,
16462585,La Liga,2026/27,18,2027-01-03,Levante UD,2849,Valencia,2828,upcoming,,
16462588,La Liga,2026/27,18,2027-01-03,Málaga CF,2830,Elche,2846,upcoming,,
16462594,La Liga,2026/27,18,2027-01-03,Rayo Vallecano,2818,Atlético Madrid,2836,upcoming,,
16462576,La Liga,2026/27,18,2027-01-03,Real Betis,2816,Deportivo Alavés,2885,upcoming,,
16462597,La Liga,2026/27,18,2027-01-03,Real Madrid,2829,Getafe,2859,upcoming,,
16462591,La Liga,2026/27,18,2027-01-03,Real Racing Club,2835,Athletic Club,2825,upcoming,,
16462600,La Liga,2026/27,18,2027-01-03,Real Sociedad,2824,Osasuna,2820,upcoming,,
16462603,La Liga,2026/27,18,2027-01-03,Villarreal,2819,Sevilla,2833,upcoming,,
16462609,La Liga,2026/27,19,2027-01-10,Athletic Club,2825,Villarreal,2819,upcoming,,
16462612,La Liga,2026/27,19,2027-01-10,Atlético Madrid,2836,Real Racing Club,2835,upcoming,,
16462606,La Liga,2026/27,19,2027-01-10,Deportivo Alavés,2885,Real Sociedad,2824,upcoming,,
16462615,La Liga,2026/27,19,2027-01-10,Deportivo de A Coruña,2832,Rayo Vallecano,2818,upcoming,,
16462618,La Liga,2026/27,19,2027-01-10,Elche,2846,Getafe,2859,upcoming,,
16462621,La Liga,2026/27,19,2027-01-10,Espanyol,2814,Real Betis,2816,upcoming,,
16462624,La Liga,2026/27,19,2027-01-10,Osasuna,2820,FC Barcelona,2817,upcoming,,
16462627,La Liga,2026/27,19,2027-01-10,Real Madrid,2829,Levante UD,2849,upcoming,,
16462631,La Liga,2026/27,19,2027-01-10,Sevilla,2833,Celta Vigo,2821,upcoming,,
16462634,La Liga,2026/27,19,2027-01-10,Valencia,2828,Málaga CF,2830,upcoming,,
16462637,La Liga,2026/27,20,2027-01-17,Atlético Madrid,2836,Real Sociedad,2824,upcoming,,
16462643,La Liga,2026/27,20,2027-01-17,Celta Vigo,2821,Valencia,2828,upcoming,,
16462646,La Liga,2026/27,20,2027-01-17,FC Barcelona,2817,Elche,2846,upcoming,,
16462649,La Liga,2026/27,20,2027-01-17,Getafe,2859,Athletic Club,2825,upcoming,,
16462652,La Liga,2026/27,20,2027-01-17,Levante UD,2849,Espanyol,2814,upcoming,,
16462655,La Liga,2026/27,20,2027-01-17,Málaga CF,2830,Real Madrid,2829,upcoming,,
16462661,La Liga,2026/27,20,2027-01-17,Rayo Vallecano,2818,Sevilla,2833,upcoming,,
16462640,La Liga,2026/27,20,2027-01-17,Real Betis,2816,Deportivo de A Coruña,2832,upcoming,,
16462658,La Liga,2026/27,20,2027-01-17,Real Racing Club,2835,Osasuna,2820,upcoming,,
16462664,La Liga,2026/27,20,2027-01-17,Villarreal,2819,Deportivo Alavés,2885,upcoming,,
16462480,La Liga,2026/27,21,2027-01-24,Athletic Club,2825,Levante UD,2849,upcoming,,
16462477,La Liga,2026/27,21,2027-01-24,Deportivo Alavés,2885,FC Barcelona,2817,upcoming,,
16462483,La Liga,2026/27,21,2027-01-24,Deportivo de A Coruña,2832,Atlético Madrid,2836,upcoming,,
16462486,La Liga,2026/27,21,2027-01-24,Elche,2846,Rayo Vallecano,2818,upcoming,,
16462489,La Liga,2026/27,21,2027-01-24,Espanyol,2814,Villarreal,2819,upcoming,,
16462492,La Liga,2026/27,21,2027-01-24,Getafe,2859,Osasuna,2820,upcoming,,
16462499,La Liga,2026/27,21,2027-01-24,Real Madrid,2829,Real Betis,2816,upcoming,,
16462495,La Liga,2026/27,21,2027-01-24,Real Racing Club,2835,Celta Vigo,2821,upcoming,,
16462502,La Liga,2026/27,21,2027-01-24,Real Sociedad,2824,Málaga CF,2830,upcoming,,
16462506,La Liga,2026/27,21,2027-01-24,Valencia,2828,Sevilla,2833,upcoming,,
16462510,La Liga,2026/27,22,2027-01-31,Atlético Madrid,2836,Espanyol,2814,upcoming,,
16462516,La Liga,2026/27,22,2027-01-31,Celta Vigo,2821,Getafe,2859,upcoming,,
16462519,La Liga,2026/27,22,2027-01-31,FC Barcelona,2817,Valencia,2828,upcoming,,
16462522,La Liga,2026/27,22,2027-01-31,Levante UD,2849,Real Sociedad,2824,upcoming,,
16462525,La Liga,2026/27,22,2027-01-31,Málaga CF,2830,Deportivo Alavés,2885,upcoming,,
16462528,La Liga,2026/27,22,2027-01-31,Osasuna,2820,Deportivo de A Coruña,2832,upcoming,,
16462531,La Liga,2026/27,22,2027-01-31,Rayo Vallecano,2818,Real Madrid,2829,upcoming,,
16462513,La Liga,2026/27,22,2027-01-31,Real Betis,2816,Elche,2846,upcoming,,
16462534,La Liga,2026/27,22,2027-01-31,Sevilla,2833,Athletic Club,2825,upcoming,,
16462537,La Liga,2026/27,22,2027-01-31,Villarreal,2819,Real Racing Club,2835,upcoming,,
16462543,La Liga,2026/27,23,2027-02-07,Athletic Club,2825,Osasuna,2820,upcoming,,
16462540,La Liga,2026/27,23,2027-02-07,Deportivo Alavés,2885,Celta Vigo,2821,upcoming,,
16462549,La Liga,2026/27,23,2027-02-07,Deportivo de A Coruña,2832,Málaga CF,2830,upcoming,,
16462552,La Liga,2026/27,23,2027-02-07,Elche,2846,Levante UD,2849,upcoming,,
16462555,La Liga,2026/27,23,2027-02-07,Espanyol,2814,Rayo Vallecano,2818,upcoming,,
16462558,La Liga,2026/27,23,2027-02-07,FC Barcelona,2817,Atlético Madrid,2836,upcoming,,
16462561,La Liga,2026/27,23,2027-02-07,Getafe,2859,Villarreal,2819,upcoming,,
16462546,La Liga,2026/27,23,2027-02-07,Real Betis,2816,Sevilla,2833,upcoming,,
16462564,La Liga,2026/27,23,2027-02-07,Real Sociedad,2824,Real Madrid,2829,upcoming,,
16462567,La Liga,2026/27,23,2027-02-07,Valencia,2828,Real Racing Club,2835,upcoming,,
16462569,La Liga,2026/27,24,2027-02-14,Celta Vigo,2821,Rayo Vallecano,2818,upcoming,,
16462572,La Liga,2026/27,24,2027-02-14,Elche,2846,Deportivo de A Coruña,2832,upcoming,,
16462575,La Liga,2026/27,24,2027-02-14,Levante UD,2849,Málaga CF,2830,upcoming,,
16462578,La Liga,2026/27,24,2027-02-14,Osasuna,2820,Atlético Madrid,2836,upcoming,,
16462584,La Liga,2026/27,24,2027-02-14,Real Madrid,2829,Athletic Club,2825,upcoming,,
16462581,La Liga,2026/27,24,2027-02-14,Real Racing Club,2835,Getafe,2859,upcoming,,
16462587,La Liga,2026/27,24,2027-02-14,Real Sociedad,2824,Real Betis,2816,upcoming,,
16462590,La Liga,2026/27,24,2027-02-14,Sevilla,2833,Espanyol,2814,upcoming,,
16462593,La Liga,2026/27,24,2027-02-14,Valencia,2828,Deportivo Alavés,2885,upcoming,,
16462596,La Liga,2026/27,24,2027-02-14,Villarreal,2819,FC Barcelona,2817,upcoming,,
16462602,La Liga,2026/27,25,2027-02-21,Athletic Club,2825,Celta Vigo,2821,upcoming,,
16462605,La Liga,2026/27,25,2027-02-21,Atlético Madrid,2836,Elche,2846,upcoming,,
16462599,La Liga,2026/27,25,2027-02-21,Deportivo Alavés,2885,Real Racing Club,2835,upcoming,,
16462608,La Liga,2026/27,25,2027-02-21,Deportivo de A Coruña,2832,Real Sociedad,2824,upcoming,,
16462611,La Liga,2026/27,25,2027-02-21,Espanyol,2814,Osasuna,2820,upcoming,,
16462614,La Liga,2026/27,25,2027-02-21,FC Barcelona,2817,Levante UD,2849,upcoming,,
16462617,La Liga,2026/27,25,2027-02-21,Málaga CF,2830,Real Betis,2816,upcoming,,
16462620,La Liga,2026/27,25,2027-02-21,Rayo Vallecano,2818,Getafe,2859,upcoming,,
16462623,La Liga,2026/27,25,2027-02-21,Sevilla,2833,Real Madrid,2829,upcoming,,
16462626,La Liga,2026/27,25,2027-02-21,Villarreal,2819,Valencia,2828,upcoming,,
16462630,La Liga,2026/27,26,2027-02-28,Athletic Club,2825,FC Barcelona,2817,upcoming,,
16462636,La Liga,2026/27,26,2027-02-28,Celta Vigo,2821,Espanyol,2814,upcoming,,
16462639,La Liga,2026/27,26,2027-02-28,Getafe,2859,Deportivo Alavés,2885,upcoming,,
16462642,La Liga,2026/27,26,2027-02-28,Levante UD,2849,Deportivo de A Coruña,2832,upcoming,,
16462645,La Liga,2026/27,26,2027-02-28,Málaga CF,2830,Atlético Madrid,2836,upcoming,,
16462648,La Liga,2026/27,26,2027-02-28,Osasuna,2820,Sevilla,2833,upcoming,,
16462633,La Liga,2026/27,26,2027-02-28,Real Betis,2816,Villarreal,2819,upcoming,,
16462654,La Liga,2026/27,26,2027-02-28,Real Madrid,2829,Valencia,2828,upcoming,,
16462651,La Liga,2026/27,26,2027-02-28,Real Racing Club,2835,Rayo Vallecano,2818,upcoming,,
16462657,La Liga,2026/27,26,2027-02-28,Real Sociedad,2824,Elche,2846,upcoming,,
16462663,La Liga,2026/27,27,2027-03-07,Atlético Madrid,2836,Celta Vigo,2821,upcoming,,
16462660,La Liga,2026/27,27,2027-03-07,Deportivo Alavés,2885,Athletic Club,2825,upcoming,,
16462666,La Liga,2026/27,27,2027-03-07,Deportivo de A Coruña,2832,Getafe,2859,upcoming,,
16462668,La Liga,2026/27,27,2027-03-07,Elche,2846,Málaga CF,2830,upcoming,,
16462671,La Liga,2026/27,27,2027-03-07,Espanyol,2814,Real Racing Club,2835,upcoming,,
16462673,La Liga,2026/27,27,2027-03-07,FC Barcelona,2817,Real Betis,2816,upcoming,,
16462674,La Liga,2026/27,27,2027-03-07,Rayo Vallecano,2818,Osasuna,2820,upcoming,,
16462675,La Liga,2026/27,27,2027-03-07,Sevilla,2833,Real Sociedad,2824,upcoming,,
16462676,La Liga,2026/27,27,2027-03-07,Valencia,2828,Levante UD,2849,upcoming,,
16462678,La Liga,2026/27,27,2027-03-07,Villarreal,2819,Real Madrid,2829,upcoming,,
16462680,La Liga,2026/27,28,2027-03-14,Athletic Club,2825,Valencia,2828,upcoming,,
16462679,La Liga,2026/27,28,2027-03-14,Deportivo Alavés,2885,Sevilla,2833,upcoming,,
16462682,La Liga,2026/27,28,2027-03-14,Elche,2846,Villarreal,2819,upcoming,,
16462683,La Liga,2026/27,28,2027-03-14,FC Barcelona,2817,Deportivo de A Coruña,2832,upcoming,,
16462684,La Liga,2026/27,28,2027-03-14,Getafe,2859,Real Sociedad,2824,upcoming,,
16462685,La Liga,2026/27,28,2027-03-14,Málaga CF,2830,Rayo Vallecano,2818,upcoming,,
16462686,La Liga,2026/27,28,2027-03-14,Osasuna,2820,Celta Vigo,2821,upcoming,,
16462681,La Liga,2026/27,28,2027-03-14,Real Betis,2816,Levante UD,2849,upcoming,,
16462688,La Liga,2026/27,28,2027-03-14,Real Madrid,2829,Espanyol,2814,upcoming,,
16462687,La Liga,2026/27,28,2027-03-14,Real Racing Club,2835,Atlético Madrid,2836,upcoming,,
16462689,La Liga,2026/27,29,2027-03-21,Atlético Madrid,2836,Getafe,2859,upcoming,,
16462690,La Liga,2026/27,29,2027-03-21,Celta Vigo,2821,Real Madrid,2829,upcoming,,
16462691,La Liga,2026/27,29,2027-03-21,Espanyol,2814,Athletic Club,2825,upcoming,,
16462692,La Liga,2026/27,29,2027-03-21,Levante UD,2849,Osasuna,2820,upcoming,,
16462694,La Liga,2026/27,29,2027-03-21,Rayo Vallecano,2818,FC Barcelona,2817,upcoming,,
16462693,La Liga,2026/27,29,2027-03-21,Real Racing Club,2835,Real Betis,2816,upcoming,,
16462695,La Liga,2026/27,29,2027-03-21,Real Sociedad,2824,Deportivo Alavés,2885,upcoming,,
16462696,La Liga,2026/27,29,2027-03-21,Sevilla,2833,Elche,2846,upcoming,,
16462697,La Liga,2026/27,29,2027-03-21,Valencia,2828,Deportivo de A Coruña,2832,upcoming,,
16462698,La Liga,2026/27,29,2027-03-21,Villarreal,2819,Málaga CF,2830,upcoming,,
16462699,La Liga,2026/27,30,2027-04-04,Athletic Club,2825,Real Racing Club,2835,upcoming,,
16462701,La Liga,2026/27,30,2027-04-04,Deportivo de A Coruña,2832,Villarreal,2819,upcoming,,
16462702,La Liga,2026/27,30,2027-04-04,Elche,2846,Deportivo Alavés,2885,upcoming,,
16462703,La Liga,2026/27,30,2027-04-04,FC Barcelona,2817,Sevilla,2833,upcoming,,
16462704,La Liga,2026/27,30,2027-04-04,Getafe,2859,Espanyol,2814,upcoming,,
16462705,La Liga,2026/27,30,2027-04-04,Levante UD,2849,Rayo Vallecano,2818,upcoming,,
16462706,La Liga,2026/27,30,2027-04-04,Málaga CF,2830,Osasuna,2820,upcoming,,
16462700,La Liga,2026/27,30,2027-04-04,Real Betis,2816,Celta Vigo,2821,upcoming,,
16462707,La Liga,2026/27,30,2027-04-04,Real Madrid,2829,Atlético Madrid,2836,upcoming,,
16462708,La Liga,2026/27,30,2027-04-04,Real Sociedad,2824,Valencia,2828,upcoming,,
16462473,La Liga,2026/27,31,2027-04-11,Atlético Madrid,2836,Levante UD,2849,upcoming,,
16462474,La Liga,2026/27,31,2027-04-11,Celta Vigo,2821,Elche,2846,upcoming,,
16462472,La Liga,2026/27,31,2027-04-11,Deportivo Alavés,2885,Real Betis,2816,upcoming,,
16462475,La Liga,2026/27,31,2027-04-11,Espanyol,2814,Málaga CF,2830,upcoming,,
16462476,La Liga,2026/27,31,2027-04-11,Osasuna,2820,Real Madrid,2829,upcoming,,
16462481,La Liga,2026/27,31,2027-04-11,Rayo Vallecano,2818,Real Sociedad,2824,upcoming,,
16462478,La Liga,2026/27,31,2027-04-11,Real Racing Club,2835,FC Barcelona,2817,upcoming,,
16462484,La Liga,2026/27,31,2027-04-11,Sevilla,2833,Deportivo de A Coruña,2832,upcoming,,
16462487,La Liga,2026/27,31,2027-04-11,Valencia,2828,Getafe,2859,upcoming,,
16462490,La Liga,2026/27,31,2027-04-11,Villarreal,2819,Athletic Club,2825,upcoming,,
16462496,La Liga,2026/27,32,2027-04-18,Atlético Madrid,2836,Sevilla,2833,upcoming,,
16462493,La Liga,2026/27,32,2027-04-18,Deportivo Alavés,2885,Rayo Vallecano,2818,upcoming,,
16462503,La Liga,2026/27,32,2027-04-18,Deportivo de A Coruña,2832,Celta Vigo,2821,upcoming,,
16462505,La Liga,2026/27,32,2027-04-18,Elche,2846,Osasuna,2820,upcoming,,
16462509,La Liga,2026/27,32,2027-04-18,FC Barcelona,2817,Espanyol,2814,upcoming,,
16462512,La Liga,2026/27,32,2027-04-18,Getafe,2859,Real Madrid,2829,upcoming,,
16462515,La Liga,2026/27,32,2027-04-18,Levante UD,2849,Villarreal,2819,upcoming,,
16462518,La Liga,2026/27,32,2027-04-18,Málaga CF,2830,Valencia,2828,upcoming,,
16462500,La Liga,2026/27,32,2027-04-18,Real Betis,2816,Athletic Club,2825,upcoming,,
16462521,La Liga,2026/27,32,2027-04-18,Real Sociedad,2824,Real Racing Club,2835,upcoming,,
16462524,La Liga,2026/27,33,2027-04-21,Athletic Club,2825,Deportivo de A Coruña,2832,upcoming,,
16462527,La Liga,2026/27,33,2027-04-21,Celta Vigo,2821,FC Barcelona,2817,upcoming,,
16462530,La Liga,2026/27,33,2027-04-21,Espanyol,2814,Real Sociedad,2824,upcoming,,
16462533,La Liga,2026/27,33,2027-04-21,Getafe,2859,Real Betis,2816,upcoming,,
16462536,La Liga,2026/27,33,2027-04-21,Osasuna,2820,Deportivo Alavés,2885,upcoming,,
16462542,La Liga,2026/27,33,2027-04-21,Real Madrid,2829,Elche,2846,upcoming,,
16462539,La Liga,2026/27,33,2027-04-21,Real Racing Club,2835,Málaga CF,2830,upcoming,,
16462545,La Liga,2026/27,33,2027-04-21,Sevilla,2833,Levante UD,2849,upcoming,,
16462548,La Liga,2026/27,33,2027-04-21,Valencia,2828,Rayo Vallecano,2818,upcoming,,
16462551,La Liga,2026/27,33,2027-04-21,Villarreal,2819,Atlético Madrid,2836,upcoming,,
16462554,La Liga,2026/27,34,2027-05-02,Atlético Madrid,2836,Deportivo Alavés,2885,upcoming,,
16462560,La Liga,2026/27,34,2027-05-02,Celta Vigo,2821,Sevilla,2833,upcoming,,
16462563,La Liga,2026/27,34,2027-05-02,Deportivo de A Coruña,2832,Real Racing Club,2835,upcoming,,
16462566,La Liga,2026/27,34,2027-05-02,Elche,2846,Espanyol,2814,upcoming,,
16416356,La Liga,2026/27,34,2027-05-02,FC Barcelona,2817,Osasuna,2820,upcoming,,
16416358,La Liga,2026/27,34,2027-05-02,Levante UD,2849,Real Madrid,2829,upcoming,,
16416359,La Liga,2026/27,34,2027-05-02,Málaga CF,2830,Getafe,2859,upcoming,,
16416362,La Liga,2026/27,34,2027-05-02,Rayo Vallecano,2818,Villarreal,2819,upcoming,,
16462557,La Liga,2026/27,34,2027-05-02,Real Betis,2816,Valencia,2828,upcoming,,
16416355,La Liga,2026/27,34,2027-05-02,Real Sociedad,2824,Athletic Club,2825,upcoming,,
16416361,La Liga,2026/27,35,2027-05-09,Athletic Club,2825,Málaga CF,2830,upcoming,,
16416357,La Liga,2026/27,35,2027-05-09,Deportivo Alavés,2885,Levante UD,2849,upcoming,,
16416363,La Liga,2026/27,35,2027-05-09,Getafe,2859,Elche,2846,upcoming,,
16462571,La Liga,2026/27,35,2027-05-09,Osasuna,2820,Real Sociedad,2824,upcoming,,
16462577,La Liga,2026/27,35,2027-05-09,Rayo Vallecano,2818,Deportivo de A Coruña,2832,upcoming,,
16416360,La Liga,2026/27,35,2027-05-09,Real Betis,2816,Espanyol,2814,upcoming,,
16462580,La Liga,2026/27,35,2027-05-09,Real Madrid,2829,FC Barcelona,2817,upcoming,,
16462574,La Liga,2026/27,35,2027-05-09,Real Racing Club,2835,Sevilla,2833,upcoming,,
16462583,La Liga,2026/27,35,2027-05-09,Valencia,2828,Atlético Madrid,2836,upcoming,,
16462586,La Liga,2026/27,35,2027-05-09,Villarreal,2819,Celta Vigo,2821,upcoming,,
16462589,La Liga,2026/27,36,2027-05-16,Atlético Madrid,2836,Rayo Vallecano,2818,upcoming,,
16462592,La Liga,2026/27,36,2027-05-16,Deportivo de A Coruña,2832,Deportivo Alavés,2885,upcoming,,
16462595,La Liga,2026/27,36,2027-05-16,Elche,2846,Athletic Club,2825,upcoming,,
16462598,La Liga,2026/27,36,2027-05-16,Espanyol,2814,Valencia,2828,upcoming,,
16462601,La Liga,2026/27,36,2027-05-16,Levante UD,2849,Getafe,2859,upcoming,,
16462604,La Liga,2026/27,36,2027-05-16,Málaga CF,2830,Celta Vigo,2821,upcoming,,
16462607,La Liga,2026/27,36,2027-05-16,Osasuna,2820,Real Betis,2816,upcoming,,
16462610,La Liga,2026/27,36,2027-05-16,Real Madrid,2829,Real Racing Club,2835,upcoming,,
16462613,La Liga,2026/27,36,2027-05-16,Real Sociedad,2824,FC Barcelona,2817,upcoming,,
16462616,La Liga,2026/27,36,2027-05-16,Sevilla,2833,Villarreal,2819,upcoming,,
16462619,La Liga,2026/27,37,2027-05-23,Atlético Madrid,2836,Athletic Club,2825,upcoming,,
16462622,La Liga,2026/27,37,2027-05-23,Celta Vigo,2821,Real Sociedad,2824,upcoming,,
16422390,La Liga,2026/27,37,2027-05-23,Deportivo Alavés,2885,Real Madrid,2829,upcoming,,
16462625,La Liga,2026/27,37,2027-05-23,Deportivo de A Coruña,2832,Espanyol,2814,upcoming,,
16462629,La Liga,2026/27,37,2027-05-23,FC Barcelona,2817,Málaga CF,2830,upcoming,,
16462635,La Liga,2026/27,37,2027-05-23,Rayo Vallecano,2818,Real Betis,2816,upcoming,,
16462632,La Liga,2026/27,37,2027-05-23,Real Racing Club,2835,Levante UD,2849,upcoming,,
16462638,La Liga,2026/27,37,2027-05-23,Sevilla,2833,Getafe,2859,upcoming,,
16462641,La Liga,2026/27,37,2027-05-23,Valencia,2828,Elche,2846,upcoming,,
16462644,La Liga,2026/27,37,2027-05-23,Villarreal,2819,Osasuna,2820,upcoming,,
16462647,La Liga,2026/27,38,2027-05-30,Athletic Club,2825,Rayo Vallecano,2818,upcoming,,
16462653,La Liga,2026/27,38,2027-05-30,Elche,2846,Real Racing Club,2835,upcoming,,
16462656,La Liga,2026/27,38,2027-05-30,Espanyol,2814,Deportivo Alavés,2885,upcoming,,
16462659,La Liga,2026/27,38,2027-05-30,Getafe,2859,FC Barcelona,2817,upcoming,,
16462662,La Liga,2026/27,38,2027-05-30,Levante UD,2849,Celta Vigo,2821,upcoming,,
16462665,La Liga,2026/27,38,2027-05-30,Málaga CF,2830,Sevilla,2833,upcoming,,
16462667,La Liga,2026/27,38,2027-05-30,Osasuna,2820,Valencia,2828,upcoming,,
16462650,La Liga,2026/27,38,2027-05-30,Real Betis,2816,Atlético Madrid,2836,upcoming,,
16462670,La Liga,2026/27,38,2027-05-30,Real Madrid,2829,Deportivo de A Coruña,2832,upcoming,,
16462672,La Liga,2026/27,38,2027-05-30,Real Sociedad,2824,Villarreal,2819,upcoming,,
16311125,Ligue 1,2026/27,1,2026-08-23,Stade Rennais,1658,Paris Saint-Germain,1644,finished,2.0,2.0
16310930,Ligue 1,2026/27,2,2026-08-28,Lille,1643,Paris Saint-Germain,1644,finished,2.0,2.0
16310944,Ligue 1,2026/27,3,2026-09-04,Paris Saint-Germain,1644,AS Monaco,1653,finished,1.0,2.0
16310948,Ligue 1,2026/27,4,2026-09-13,Stade Brestois,1715,Paris Saint-Germain,1644,finished,0.0,1.0
16310960,Ligue 1,2026/27,5,2026-09-20,Olympique de Marseille,1641,Paris Saint-Germain,1644,finished,1.0,2.0
16310972,Ligue 1,2026/27,6,2026-10-10,Paris Saint-Germain,1644,Le Mans,1672,upcoming,,
16310982,Ligue 1,2026/27,7,2026-10-17,RC Strasbourg,1659,Paris Saint-Germain,1644,upcoming,,
16310990,Ligue 1,2026/27,8,2026-10-25,Paris Saint-Germain,1644,Olympique Lyonnais,1649,upcoming,,
16310993,Ligue 1,2026/27,9,2026-10-30,Le Havre,1662,Paris Saint-Germain,1644,upcoming,,
16311008,Ligue 1,2026/27,10,2026-11-07,Paris Saint-Germain,1644,Troyes,1652,upcoming,,
16311016,Ligue 1,2026/27,11,2026-11-21,Nice,1661,Paris Saint-Germain,1644,upcoming,,
16311027,Ligue 1,2026/27,12,2026-11-28,Paris Saint-Germain,1644,Lorient,1656,upcoming,,
16311036,Ligue 1,2026/27,13,2026-12-05,Toulouse,1681,Paris Saint-Germain,1644,upcoming,,
16311045,Ligue 1,2026/27,14,2026-12-12,Paris Saint-Germain,1644,Paris FC,6070,upcoming,,
16311049,Ligue 1,2026/27,15,2027-01-03,RC Lens,1648,Paris Saint-Germain,1644,upcoming,,
16311056,Ligue 1,2026/27,16,2027-01-16,Angers,1684,Paris Saint-Germain,1644,upcoming,,
16311070,Ligue 1,2026/27,17,2027-01-23,Paris Saint-Germain,1644,Auxerre,1646,upcoming,,
16311079,Ligue 1,2026/27,18,2027-01-30,AS Monaco,1653,Paris Saint-Germain,1644,upcoming,,
16311088,Ligue 1,2026/27,19,2027-02-07,Paris Saint-Germain,1644,Olympique de Marseille,1641,upcoming,,
16311094,Ligue 1,2026/27,20,2027-02-13,Le Mans,1672,Paris Saint-Germain,1644,upcoming,,
16311107,Ligue 1,2026/27,21,2027-02-20,Paris Saint-Germain,1644,Stade Brestois,1715,upcoming,,
16311116,Ligue 1,2026/27,22,2027-02-28,Paris Saint-Germain,1644,RC Lens,1648,upcoming,,
16874896,Ligue 1,2026/27,23,2027-03-06,Paris Saint-Germain,1644,Stade Rennais,1658,upcoming,,
16311128,Ligue 1,2026/27,24,2027-03-13,Auxerre,1646,Paris Saint-Germain,1644,upcoming,,
16311142,Ligue 1,2026/27,25,2027-03-20,Paris Saint-Germain,1644,RC Strasbourg,1659,upcoming,,
16311153,Ligue 1,2026/27,26,2027-04-03,Paris FC,6070,Paris Saint-Germain,1644,upcoming,,
16311162,Ligue 1,2026/27,27,2027-04-10,Paris Saint-Germain,1644,Le Havre,1662,upcoming,,
16311171,Ligue 1,2026/27,28,2027-04-17,Paris Saint-Germain,1644,Lille,1643,upcoming,,
16311176,Ligue 1,2026/27,29,2027-04-24,Lorient,1656,Paris Saint-Germain,1644,upcoming,,
16311187,Ligue 1,2026/27,30,2027-05-01,Paris Saint-Germain,1644,Angers,1684,upcoming,,
16311197,Ligue 1,2026/27,31,2027-05-09,Olympique Lyonnais,1649,Paris Saint-Germain,1644,upcoming,,
16311207,Ligue 1,2026/27,32,2027-05-16,Paris Saint-Germain,1644,Nice,1661,upcoming,,
16311218,Ligue 1,2026/27,33,2027-05-22,Troyes,1652,Paris Saint-Germain,1644,upcoming,,
16311225,Ligue 1,2026/27,34,2027-05-29,Paris Saint-Germain,1644,Toulouse,1681,upcoming,,
16434087,Bundesliga,2026/27,1,2026-08-28,FC Bayern München,2672,VfB Stuttgart,2677,finished,5.0,1.0
16434032,Bundesliga,2026/27,2,2026-09-05,FC Schalke 04,2530,FC Bayern München,2672,finished,0.0,0.0
16434041,Bundesliga,2026/27,3,2026-09-13,SV 07 Elversberg,2598,FC Bayern München,2672,finished,1.0,2.0
16434038,Bundesliga,2026/27,4,2026-09-18,FC Bayern München,2672,1. FC Union Berlin,2547,finished,7.0,0.0
16434057,Bundesliga,2026/27,5,2026-10-10,FC Augsburg,2600,FC Bayern München,2672,upcoming,,
16434062,Bundesliga,2026/27,6,2026-10-17,FC Bayern München,2672,RB Leipzig,36360,upcoming,,
16434075,Bundesliga,2026/27,7,2026-10-25,SC Freiburg,2538,FC Bayern München,2672,upcoming,,
16434076,Bundesliga,2026/27,8,2026-10-31,FC Bayern München,2672,Borussia Dortmund,2673,upcoming,,
16434091,Bundesliga,2026/27,9,2026-11-07,1. FSV Mainz 05,2556,FC Bayern München,2672,upcoming,,
16434097,Bundesliga,2026/27,10,2026-11-20,FC Bayern München,2672,1. FC Köln,2671,upcoming,,
16434112,Bundesliga,2026/27,11,2026-11-28,Hamburger SV,2676,FC Bayern München,2672,upcoming,,
16434116,Bundesliga,2026/27,12,2026-12-05,FC Bayern München,2672,SC Paderborn 07,2561,upcoming,,
16434125,Bundesliga,2026/27,13,2026-12-12,TSG Hoffenheim,2569,FC Bayern München,2672,upcoming,,
16434133,Bundesliga,2026/27,14,2026-12-19,FC Bayern München,2672,SV Werder Bremen,2534,upcoming,,
16434147,Bundesliga,2026/27,15,2027-01-09,Borussia M'gladbach,2527,FC Bayern München,2672,upcoming,,
16434160,Bundesliga,2026/27,16,2027-01-13,FC Bayern München,2672,Bayer 04 Leverkusen,2681,upcoming,,
16434166,Bundesliga,2026/27,17,2027-01-16,Eintracht Frankfurt,2674,FC Bayern München,2672,upcoming,,
16434174,Bundesliga,2026/27,18,2027-01-23,VfB Stuttgart,2677,FC Bayern München,2672,upcoming,,
16434184,Bundesliga,2026/27,19,2027-01-30,FC Bayern München,2672,FC Schalke 04,2530,upcoming,,
16434190,Bundesliga,2026/27,20,2027-02-06,FC Bayern München,2672,SV 07 Elversberg,2598,upcoming,,
16434204,Bundesliga,2026/27,21,2027-02-13,1. FC Union Berlin,2547,FC Bayern München,2672,upcoming,,
16434206,Bundesliga,2026/27,22,2027-02-20,FC Bayern München,2672,FC Augsburg,2600,upcoming,,
16434216,Bundesliga,2026/27,23,2027-02-27,RB Leipzig,36360,FC Bayern München,2672,upcoming,,
16434223,Bundesliga,2026/27,24,2027-03-03,FC Bayern München,2672,SC Freiburg,2538,upcoming,,
16434231,Bundesliga,2026/27,25,2027-03-06,Borussia Dortmund,2673,FC Bayern München,2672,upcoming,,
16434246,Bundesliga,2026/27,26,2027-03-13,FC Bayern München,2672,1. FSV Mainz 05,2556,upcoming,,
16434260,Bundesliga,2026/27,27,2027-03-20,1. FC Köln,2671,FC Bayern München,2672,upcoming,,
16434261,Bundesliga,2026/27,28,2027-04-03,FC Bayern München,2672,Hamburger SV,2676,upcoming,,
16434278,Bundesliga,2026/27,29,2027-04-10,SC Paderborn 07,2561,FC Bayern München,2672,upcoming,,
16434281,Bundesliga,2026/27,30,2027-04-17,FC Bayern München,2672,TSG Hoffenheim,2569,upcoming,,
16434297,Bundesliga,2026/27,31,2027-04-24,SV Werder Bremen,2534,FC Bayern München,2672,upcoming,,
16434295,Bundesliga,2026/27,32,2027-05-08,FC Bayern München,2672,Borussia M'gladbach,2527,upcoming,,
16434307,Bundesliga,2026/27,33,2027-05-15,Bayer 04 Leverkusen,2681,FC Bayern München,2672,upcoming,,
16434317,Bundesliga,2026/27,34,2027-05-22,FC Bayern München,2672,Eintracht Frankfurt,2674,upcoming,,
16939050,Champions League,2026/27,1,2026-09-08,AEK Athens,3250,LASK,2058,finished,1.0,0.0
16938841,Champions League,2026/27,1,2026-09-08,Club Brugge KV,2888,Aston Villa,40,finished,2.0,3.0
16938848,Champions League,2026/27,1,2026-09-08,Borussia Dortmund,2673,Villarreal,2819,finished,3.0,2.0
16938854,Champions League,2026/27,1,2026-09-08,FC Porto,3002,Manchester City,17,finished,0.0,2.0
16938991,Champions League,2026/27,1,2026-09-08,Lille,1643,Real Betis,2816,finished,2.0,3.0
16938768,Champions League,2026/27,1,2026-09-08,Real Madrid,2829,Inter,2697,finished,2.0,1.0
16938784,Champions League,2026/27,1,2026-09-09,FC Barcelona,2817,Feyenoord,2959,finished,5.0,1.0
16939028,Champions League,2026/27,1,2026-09-09,VfB Stuttgart,2677,Viking FK,1164,finished,3.0,1.0
16938798,Champions League,2026/27,1,2026-09-09,Liverpool FC,44,Atlético Madrid,2836,finished,2.0,1.0
16938796,Champions League,2026/27,1,2026-09-09,Paris Saint-Germain,1644,ŠK Slovan Bratislava,2404,finished,6.0,1.0
16938985,Champions League,2026/27,1,2026-09-09,SSC Napoli,2714,Arsenal,42,finished,0.0,1.0
16938888,Champions League,2026/27,1,2026-09-09,Sporting CP,3001,Galatasaray,3061,finished,3.0,1.0
16938963,Champions League,2026/27,1,2026-09-10,Fenerbahçe,3052,AS Roma,2702,finished,1.0,1.0
16938896,Champions League,2026/27,1,2026-09-10,PSV Eindhoven,2952,Shakhtar Donetsk,3313,finished,1.0,1.0
16939034,Champions League,2026/27,1,2026-09-10,Como,2704,RB Leipzig,36360,finished,4.0,1.0
16938858,Champions League,2026/27,1,2026-09-10,FC Bayern München,2672,Bodø/Glimt,656,finished,5.0,0.0
16938880,Champions League,2026/27,1,2026-09-10,Manchester United,35,Sabah FK,267828,finished,4.0,0.0
16939012,Champions League,2026/27,1,2026-09-10,SK Slavia Praha,2216,RC Lens,1648,finished,2.0,3.0
16939003,Champions League,2026/27,2,2026-10-13,RC Lens,1648,Sporting CP,3001,upcoming,,
16939017,Champions League,2026/27,2,2026-10-13,Sabah FK,267828,SK Slavia Praha,2216,upcoming,,
16938807,Champions League,2026/27,2,2026-10-13,Arsenal,42,Lille,1643,upcoming,,
16938789,Champions League,2026/27,2,2026-10-13,Atlético Madrid,2836,Manchester United,35,upcoming,,
16938979,Champions League,2026/27,2,2026-10-13,Galatasaray,3061,FC Barcelona,2817,upcoming,,
16938777,Champions League,2026/27,2,2026-10-13,Inter,2697,Club Brugge KV,2888,upcoming,,
16938939,Champions League,2026/27,2,2026-10-13,RB Leipzig,36360,PSV Eindhoven,2952,upcoming,,
16939021,Champions League,2026/27,2,2026-10-13,Viking FK,1164,FC Bayern München,2672,upcoming,,
16938924,Champions League,2026/27,2,2026-10-13,Villarreal,2819,SSC Napoli,2714,upcoming,,
16938974,Champions League,2026/27,2,2026-10-14,Feyenoord,2959,Como,2704,upcoming,,
16939043,Champions League,2026/27,2,2026-10-14,LASK,2058,Liverpool FC,44,upcoming,,
16938872,Champions League,2026/27,2,2026-10-14,AS Roma,2702,Real Madrid,2829,upcoming,,
16938852,Champions League,2026/27,2,2026-10-14,Aston Villa,40,Fenerbahçe,3052,upcoming,,
16938931,Champions League,2026/27,2,2026-10-14,Bodø/Glimt,656,Borussia Dortmund,2673,upcoming,,
16938772,Champions League,2026/27,2,2026-10-14,Manchester City,17,Paris Saint-Germain,1644,upcoming,,
16938869,Champions League,2026/27,2,2026-10-14,Real Betis,2816,FC Porto,3002,upcoming,,
16938918,Champions League,2026/27,2,2026-10-14,Shakhtar Donetsk,3313,AEK Athens,3250,upcoming,,
16939041,Champions League,2026/27,2,2026-10-14,ŠK Slovan Bratislava,2404,VfB Stuttgart,2677,upcoming,,
16938965,Champions League,2026/27,3,2026-10-20,Fenerbahçe,3052,SK Slavia Praha,2216,upcoming,,
16939015,Champions League,2026/27,3,2026-10-20,Sabah FK,267828,Borussia Dortmund,2673,upcoming,,
16938875,Champions League,2026/27,3,2026-10-20,AS Roma,2702,ŠK Slovan Bratislava,2404,upcoming,,
16938855,Champions League,2026/27,3,2026-10-20,FC Porto,3002,PSV Eindhoven,2952,upcoming,,
16938800,Champions League,2026/27,3,2026-10-20,Liverpool FC,44,Villarreal,2819,upcoming,,
16938775,Champions League,2026/27,3,2026-10-20,Manchester City,17,AEK Athens,3250,upcoming,,
16938793,Champions League,2026/27,3,2026-10-20,Paris Saint-Germain,1644,FC Barcelona,2817,upcoming,,
16938987,Champions League,2026/27,3,2026-10-20,SSC Napoli,2714,Bodø/Glimt,656,upcoming,,
16939025,Champions League,2026/27,3,2026-10-20,VfB Stuttgart,2677,Atlético Madrid,2836,upcoming,,
16939033,Champions League,2026/27,3,2026-10-21,Como,2704,Manchester United,35,upcoming,,
16938992,Champions League,2026/27,3,2026-10-21,Lille,1643,Galatasaray,3061,upcoming,,
16938853,Champions League,2026/27,3,2026-10-21,Aston Villa,40,Viking FK,1164,upcoming,,
16938843,Champions League,2026/27,3,2026-10-21,Club Brugge KV,2888,RC Lens,1648,upcoming,,
16938859,Champions League,2026/27,3,2026-10-21,FC Bayern München,2672,Arsenal,42,upcoming,,
16938778,Champions League,2026/27,3,2026-10-21,Inter,2697,Shakhtar Donetsk,3313,upcoming,,
16938870,Champions League,2026/27,3,2026-10-21,Real Betis,2816,Feyenoord,2959,upcoming,,
16938770,Champions League,2026/27,3,2026-10-21,Real Madrid,2829,RB Leipzig,36360,upcoming,,
16938889,Champions League,2026/27,3,2026-10-21,Sporting CP,3001,LASK,2058,upcoming,,
16938982,Champions League,2026/27,4,2026-11-03,Galatasaray,3061,VfB Stuttgart,2677,upcoming,,
16938916,Champions League,2026/27,4,2026-11-03,Shakhtar Donetsk,3313,Sporting CP,3001,upcoming,,
16938788,Champions League,2026/27,4,2026-11-03,Atlético Madrid,2836,FC Bayern München,2672,upcoming,,
16938932,Champions League,2026/27,4,2026-11-03,Bodø/Glimt,656,Lille,1643,upcoming,,
16938783,Champions League,2026/27,4,2026-11-03,FC Barcelona,2817,Aston Villa,40,upcoming,,
16938971,Champions League,2026/27,4,2026-11-03,Feyenoord,2959,Inter,2697,upcoming,,
16939046,Champions League,2026/27,4,2026-11-03,LASK,2058,ŠK Slovan Bratislava,2404,upcoming,,
16938878,Champions League,2026/27,4,2026-11-03,Manchester United,35,AS Roma,2702,upcoming,,
16938922,Champions League,2026/27,4,2026-11-03,Villarreal,2819,Paris Saint-Germain,1644,upcoming,,
16939047,Champions League,2026/27,4,2026-11-04,AEK Athens,3250,Real Madrid,2829,upcoming,,
16938962,Champions League,2026/27,4,2026-11-04,Fenerbahçe,3052,Liverpool FC,44,upcoming,,
16938847,Champions League,2026/27,4,2026-11-04,Borussia Dortmund,2673,Real Betis,2816,upcoming,,
16938856,Champions League,2026/27,4,2026-11-04,FC Porto,3002,SSC Napoli,2714,upcoming,,
16938895,Champions League,2026/27,4,2026-11-04,PSV Eindhoven,2952,Club Brugge KV,2888,upcoming,,
16938938,Champions League,2026/27,4,2026-11-04,RB Leipzig,36360,Manchester City,17,upcoming,,
16939005,Champions League,2026/27,4,2026-11-04,RC Lens,1648,Como,2704,upcoming,,
16939009,Champions League,2026/27,4,2026-11-04,SK Slavia Praha,2216,Arsenal,42,upcoming,,
16939024,Champions League,2026/27,4,2026-11-04,Viking FK,1164,Sabah FK,267828,upcoming,,
16938933,Champions League,2026/27,5,2026-11-24,Bodø/Glimt,656,LASK,2058,upcoming,,
16938980,Champions League,2026/27,5,2026-11-24,Galatasaray,3061,Aston Villa,40,upcoming,,
16938806,Champions League,2026/27,5,2026-11-24,Arsenal,42,Borussia Dortmund,2673,upcoming,,
16939035,Champions League,2026/27,5,2026-11-24,Como,2704,AEK Athens,3250,upcoming,,
16938972,Champions League,2026/27,5,2026-11-24,Feyenoord,2959,FC Porto,3002,upcoming,,
16938774,Champions League,2026/27,5,2026-11-24,Manchester City,17,SSC Napoli,2714,upcoming,,
16938941,Champions League,2026/27,5,2026-11-24,RB Leipzig,36360,RC Lens,1648,upcoming,,
16938769,Champions League,2026/27,5,2026-11-24,Real Madrid,2829,PSV Eindhoven,2952,upcoming,,
16939039,Champions League,2026/27,5,2026-11-24,ŠK Slovan Bratislava,2404,Real Betis,2816,upcoming,,
16939011,Champions League,2026/27,5,2026-11-25,SK Slavia Praha,2216,Villarreal,2819,upcoming,,
16939014,Champions League,2026/27,5,2026-11-25,Sabah FK,267828,FC Barcelona,2817,upcoming,,
16938791,Champions League,2026/27,5,2026-11-25,Atlético Madrid,2836,Viking FK,1164,upcoming,,
16938840,Champions League,2026/27,5,2026-11-25,Club Brugge KV,2888,Liverpool FC,44,upcoming,,
16938779,Champions League,2026/27,5,2026-11-25,Inter,2697,VfB Stuttgart,2677,upcoming,,
16938990,Champions League,2026/27,5,2026-11-25,Lille,1643,FC Bayern München,2672,upcoming,,
16938794,Champions League,2026/27,5,2026-11-25,Paris Saint-Germain,1644,AS Roma,2702,upcoming,,
16938917,Champions League,2026/27,5,2026-11-25,Shakhtar Donetsk,3313,Fenerbahçe,3052,upcoming,,
16938887,Champions League,2026/27,5,2026-11-25,Sporting CP,3001,Manchester United,35,upcoming,,
16939023,Champions League,2026/27,6,2026-12-08,Viking FK,1164,Feyenoord,2959,upcoming,,
16938925,Champions League,2026/27,6,2026-12-08,Villarreal,2819,Sabah FK,267828,upcoming,,
16939049,Champions League,2026/27,6,2026-12-08,AEK Athens,3250,Galatasaray,3061,upcoming,,
16938873,Champions League,2026/27,6,2026-12-08,AS Roma,2702,Sporting CP,3001,upcoming,,
16938850,Champions League,2026/27,6,2026-12-08,Aston Villa,40,Paris Saint-Germain,1644,upcoming,,
16938782,Champions League,2026/27,6,2026-12-08,FC Barcelona,2817,Manchester City,17,upcoming,,
16938861,Champions League,2026/27,6,2026-12-08,FC Bayern München,2672,SK Slavia Praha,2216,upcoming,,
16938879,Champions League,2026/27,6,2026-12-08,Manchester United,35,RB Leipzig,36360,upcoming,,
16938986,Champions League,2026/27,6,2026-12-08,SSC Napoli,2714,Club Brugge KV,2888,upcoming,,
16938871,Champions League,2026/27,6,2026-12-09,Real Betis,2816,Como,2704,upcoming,,
16939040,Champions League,2026/27,6,2026-12-09,ŠK Slovan Bratislava,2404,Shakhtar Donetsk,3313,upcoming,,
16938805,Champions League,2026/27,6,2026-12-09,Arsenal,42,Real Madrid,2829,upcoming,,
16938846,Champions League,2026/27,6,2026-12-09,Borussia Dortmund,2673,Inter,2697,upcoming,,
16939045,Champions League,2026/27,6,2026-12-09,LASK,2058,Fenerbahçe,3052,upcoming,,
16938799,Champions League,2026/27,6,2026-12-09,Liverpool FC,44,FC Porto,3002,upcoming,,
16938894,Champions League,2026/27,6,2026-12-09,PSV Eindhoven,2952,Atlético Madrid,2836,upcoming,,
16939004,Champions League,2026/27,6,2026-12-09,RC Lens,1648,Bodø/Glimt,656,upcoming,,
16939027,Champions League,2026/27,6,2026-12-09,VfB Stuttgart,2677,Lille,1643,upcoming,,
16938930,Champions League,2026/27,7,2027-01-19,Bodø/Glimt,656,Atlético Madrid,2836,upcoming,,
16938981,Champions League,2026/27,7,2027-01-19,Galatasaray,3061,Feyenoord,2959,upcoming,,
16939048,Champions League,2026/27,7,2027-01-19,AEK Athens,3250,AS Roma,2702,upcoming,,
16938851,Champions League,2026/27,7,2027-01-19,Aston Villa,40,Borussia Dortmund,2673,upcoming,,
16938857,Champions League,2026/27,7,2027-01-19,FC Porto,3002,SK Slavia Praha,2216,upcoming,,
16938776,Champions League,2026/27,7,2027-01-19,Inter,2697,Liverpool FC,44,upcoming,,
16938993,Champions League,2026/27,7,2027-01-19,Lille,1643,ŠK Slovan Bratislava,2404,upcoming,,
16938771,Champions League,2026/27,7,2027-01-19,Real Madrid,2829,LASK,2058,upcoming,,
16939026,Champions League,2026/27,7,2027-01-19,VfB Stuttgart,2677,Club Brugge KV,2888,upcoming,,
16938964,Champions League,2026/27,7,2027-01-20,Fenerbahçe,3052,Villarreal,2819,upcoming,,
16939016,Champions League,2026/27,7,2027-01-20,Sabah FK,267828,SSC Napoli,2714,upcoming,,
16939032,Champions League,2026/27,7,2027-01-20,Como,2704,Paris Saint-Germain,1644,upcoming,,
16938877,Champions League,2026/27,7,2027-01-20,Manchester United,35,FC Bayern München,2672,upcoming,,
16938940,Champions League,2026/27,7,2027-01-20,RB Leipzig,36360,Shakhtar Donetsk,3313,upcoming,,
16939002,Champions League,2026/27,7,2027-01-20,RC Lens,1648,Manchester City,17,upcoming,,
16938868,Champions League,2026/27,7,2027-01-20,Real Betis,2816,Arsenal,42,upcoming,,
16938886,Champions League,2026/27,7,2027-01-20,Sporting CP,3001,FC Barcelona,2817,upcoming,,
16939022,Champions League,2026/27,7,2027-01-20,Viking FK,1164,PSV Eindhoven,2952,upcoming,,
16938874,Champions League,2026/27,8,2027-01-27,AS Roma,2702,Lille,1643,upcoming,,
16938808,Champions League,2026/27,8,2027-01-27,Arsenal,42,Sabah FK,267828,upcoming,,
16938790,Champions League,2026/27,8,2027-01-27,Atlético Madrid,2836,Fenerbahçe,3052,upcoming,,
16938849,Champions League,2026/27,8,2027-01-27,Borussia Dortmund,2673,AEK Athens,3250,upcoming,,
16938842,Champions League,2026/27,8,2027-01-27,Club Brugge KV,2888,Bodø/Glimt,656,upcoming,,
16938785,Champions League,2026/27,8,2027-01-27,FC Barcelona,2817,Como,2704,upcoming,,
16938860,Champions League,2026/27,8,2027-01-27,FC Bayern München,2672,Real Betis,2816,upcoming,,
16938973,Champions League,2026/27,8,2027-01-27,Feyenoord,2959,RB Leipzig,36360,upcoming,,
16939044,Champions League,2026/27,8,2027-01-27,LASK,2058,FC Porto,3002,upcoming,,
16938801,Champions League,2026/27,8,2027-01-27,Liverpool FC,44,RC Lens,1648,upcoming,,
16938773,Champions League,2026/27,8,2027-01-27,Manchester City,17,Sporting CP,3001,upcoming,,
16938897,Champions League,2026/27,8,2027-01-27,PSV Eindhoven,2952,VfB Stuttgart,2677,upcoming,,
16938795,Champions League,2026/27,8,2027-01-27,Paris Saint-Germain,1644,Galatasaray,3061,upcoming,,
16939010,Champions League,2026/27,8,2027-01-27,SK Slavia Praha,2216,Aston Villa,40,upcoming,,
16938988,Champions League,2026/27,8,2027-01-27,SSC Napoli,2714,Viking FK,1164,upcoming,,
16938915,Champions League,2026/27,8,2027-01-27,Shakhtar Donetsk,3313,Real Madrid,2829,upcoming,,
16938923,Champions League,2026/27,8,2027-01-27,Villarreal,2819,Manchester United,35,upcoming,,
16939038,Champions League,2026/27,8,2027-01-27,ŠK Slovan Bratislava,2404,Inter,2697,upcoming,,
